STDR_YYQU_CD,TRDAR_SE_CD,TRDAR_SE_CD_NM,TRDAR_CD,TRDAR_CD_NM,TOT_FLPOP_CO,ML_FLPOP_CO,FML_FLPOP_CO,AGRDE_10_FLPOP_CO,AGRDE_20_FLPOP_CO,AGRDE_30_FLPOP_CO,AGRDE_40_FLPOP_CO,AGRDE_50_FLPOP_CO,AGRDE_60_ABOVE_FLPOP_CO,TMZON_00_06_FLPOP_CO,TMZON_06_11_FLPOP_CO,TMZON_11_14_FLPOP_CO,TMZON_14_17_FLPOP_CO,TMZON_17_21_FLPOP_CO,TMZON_21_24_FLPOP_CO,MON_FLPOP_CO,TUES_FLPOP_CO,WED_FLPOP_CO,THUR_FLPOP_CO,FRI_FLPOP_CO,SAT_FLPOP_CO,SUN_FLPOP_CO
20261,R,전통시장,3130073,뚝도시장,526745.0,262906.0,263838.0,52333.0,75232.0,106816.0,81310.0,89650.0,121403.0,125165.0,101881.0,68523.0,72086.0,92794.0,66295.0,75653.0,75363.0,76363.0,76831.0,77682.0,74410.0,70441.0
20261,A,골목상권,3110100,옥수동우편취급국,76241.0,36323.0,39918.0,17649.0,4847.0,12181.0,12924.0,10068.0,18573.0,23922.0,16329.0,7155.0,6827.0,11026.0,10982.0,10953.0,10733.0,10784.0,10889.0,10738.0,10942.0,11200.0
20261,A,골목상권,3110101,옥정중학교,165520.0,74875.0,90643.0,36690.0,11668.0,26628.0,30526.0,22768.0,37240.0,32955.0,33643.0,24083.0,24460.0,31878.0,18500.0,23553.0,23509.0,23976.0,23964.0,23878.0,23643.0,22996.0
20261,A,골목상권,3110102,옥수역 6번,402170.0,183222.0,218947.0,82506.0,43717.0,65931.0,70793.0,55831.0,83392.0,58456.0,78486.0,60646.0,69553.0,93527.0,41502.0,55551.0,56848.0,58105.0,59324.0,60989.0,59972.0,51380.0
20261,A,골목상권,3110103,옥수터널,220644.0,99638.0,121006.0,40464.0,18926.0,40931.0,40546.0,32053.0,47722.0,59781.0,46867.0,24161.0,24055.0,36371.0,29409.0,30776.0,31138.0,30844.0,30894.0,31133.0,32993.0,32866.0
20261,A,골목상권,3110104,신금호역 4번,1052609.0,478243.0,574366.0,172267.0,96143.0,166740.0,191002.0,156995.0,269461.0,312806.0,219970.0,109523.0,105594.0,160389.0,144327.0,150065.0,146764.0,149728.0,150343.0,150294.0,151417.0,153996.0
20261,A,골목상권,3110105,금동어린이공원,610939.0,287392.0,323547.0,98297.0,64387.0,94325.0,101546.0,98894.0,153492.0,154951.0,121372.0,68615.0,71155.0,111057.0,83789.0,85855.0,84360.0,85333.0,85392.0,85836.0,91869.0,92295.0
20261,A,골목상권,3110106,금북초등학교,117417.0,51674.0,65742.0,19767.0,8455.0,18305.0,22949.0,18496.0,29445.0,27316.0,24154.0,14035.0,14544.0,21777.0,15590.0,16771.0,16502.0,16570.0,16520.0,16412.0,17256.0,17387.0
20261,A,골목상권,3110107,금호사거리,67794.0,31751.0,36044.0,11364.0,4711.0,11153.0,12929.0,10946.0,16693.0,11713.0,13531.0,9351.0,10394.0,14422.0,8384.0,9377.0,9296.0,9383.0,9429.0,9498.0,10367.0,10446.0
20261,A,골목상권,3110108,성동구립금호도서관,97223.0,43053.0,54170.0,14380.0,8053.0,17530.0,19687.0,13016.0,24555.0,24919.0,19702.0,10834.0,11872.0,17292.0,12603.0,13475.0,13370.0,13330.0,13199.0,13178.0,15184.0,15488.0
20261,A,골목상권,3110109,금호삼성래미안아파트,414183.0,188112.0,226071.0,89454.0,33243.0,58822.0,84399.0,62892.0,85371.0,96523.0,84399.0,51006.0,53858.0,77346.0,51051.0,58182.0,56809.0,58059.0,57995.0,58250.0,62284.0,62603.0
20261,A,골목상권,3110110,상왕십리역 6번,1088833.0,469504.0,619328.0,128496.0,181497.0,221683.0,179120.0,152291.0,225746.0,291721.0,231895.0,122131.0,122099.0,182942.0,138045.0,150840.0,147959.0,149045.0,149868.0,150057.0,167352.0,173714.0
20261,A,골목상권,3110111,대현산장미원,492825.0,206854.0,285972.0,79196.0,46266.0,78329.0,86627.0,85361.0,117048.0,178291.0,101080.0,40646.0,36848.0,63348.0,72614.0,70642.0,67445.0,69928.0,69466.0,69143.0,70794.0,75409.0
20261,A,골목상권,3110112,행당역 2번,807611.0,366859.0,440751.0,141967.0,133470.0,129792.0,132073.0,119826.0,150480.0,207423.0,163390.0,95364.0,93951.0,139205.0,108278.0,112586.0,112416.0,114030.0,114010.0,113308.0,119560.0,121698.0
20261,A,골목상권,3110113,응봉산,172198.0,79761.0,92438.0,41923.0,16268.0,21241.0,28922.0,26970.0,36874.0,43866.0,38263.0,21280.0,20197.0,27230.0,21362.0,24291.0,23968.0,24818.0,24802.0,24916.0,24242.0,25160.0
20261,A,골목상권,3110114,왕십리파출소,407362.0,188394.0,218968.0,60988.0,54855.0,60332.0,62962.0,73217.0,95007.0,97048.0,85711.0,51752.0,51809.0,71222.0,49818.0,57577.0,57503.0,57931.0,57673.0,57955.0,58694.0,60028.0
20261,A,골목상권,3110115,상왕십리역 3번,949245.0,440339.0,508905.0,134329.0,156038.0,170156.0,143439.0,148098.0,197183.0,220214.0,197568.0,122233.0,124472.0,170389.0,114369.0,134521.0,133895.0,135068.0,135807.0,136518.0,138143.0,135291.0
20261,A,골목상권,3110116,청계천박물관,599686.0,304599.0,295087.0,62072.0,69139.0,98653.0,93882.0,116073.0,159866.0,155713.0,140322.0,78481.0,73689.0,84801.0,66681.0,87360.0,88572.0,88959.0,87885.0,87738.0,79819.0,79353.0
20261,A,골목상권,3110117,성동구보건소,440211.0,209428.0,230782.0,48020.0,65496.0,78946.0,66137.0,76010.0,105603.0,110561.0,96147.0,55726.0,54188.0,70253.0,53336.0,62573.0,62408.0,62812.0,62848.0,63169.0,63146.0,63256.0
20261,A,골목상권,3110118,왕십리역 9번,1905168.0,891674.0,1013494.0,284728.0,347442.0,327827.0,333967.0,284034.0,327171.0,447150.0,381647.0,245909.0,254535.0,336553.0,239372.0,266729.0,269669.0,275556.0,276577.0,276381.0,272539.0,267716.0
20261,A,골목상권,3110119,마장지하차도,136405.0,64920.0,71486.0,16012.0,25156.0,23503.0,21366.0,20470.0,29900.0,22863.0,28422.0,20572.0,22147.0,28543.0,13859.0,18954.0,19176.0,19658.0,19595.0,19831.0,20307.0,18884.0
20261,A,골목상권,3110120,서울숲카페거리,313129.0,146369.0,166760.0,30836.0,63268.0,74344.0,56883.0,39748.0,48051.0,66390.0,58914.0,48439.0,52326.0,54754.0,32307.0,42776.0,44043.0,45885.0,46469.0,46921.0,45519.0,41517.0
20261,A,골목상권,3110121,한양대역 4번,219332.0,112429.0,106903.0,33564.0,79410.0,33481.0,27511.0,21367.0,23999.0,59224.0,50106.0,26688.0,25036.0,31179.0,27099.0,32073.0,33185.0,33184.0,33223.0,32656.0,28323.0,26688.0
20261,A,골목상권,3110122,마장역 2번,373940.0,182192.0,191747.0,47088.0,52913.0,72019.0,65884.0,58732.0,77305.0,93556.0,78049.0,44786.0,44921.0,65014.0,47613.0,51493.0,51290.0,51375.0,51807.0,52067.0,56892.0,59014.0
20261,A,골목상권,3110123,마장역 3번,803043.0,368079.0,434965.0,104419.0,148973.0,123343.0,117908.0,116932.0,191466.0,210724.0,173630.0,95364.0,92129.0,127873.0,103324.0,113786.0,113812.0,113355.0,114552.0,113499.0,116659.0,117382.0
20261,A,골목상권,3110124,뚝섬역교차로,325025.0,161242.0,163782.0,35075.0,55478.0,74578.0,60090.0,44956.0,54849.0,62245.0,67109.0,48556.0,50334.0,61126.0,35653.0,46432.0,47082.0,47574.0,48057.0,48249.0,45164.0,42466.0
20261,A,골목상권,3110125,사근동살곶이상점가,903319.0,437761.0,465558.0,154291.0,403796.0,81552.0,69989.0,74778.0,118910.0,278143.0,205065.0,100479.0,87473.0,117332.0,114827.0,129912.0,130695.0,130078.0,130369.0,127079.0,126388.0,128798.0
20261,A,골목상권,3110126,서울숲역 1번,250162.0,118683.0,131480.0,19366.0,55019.0,70404.0,45377.0,29626.0,30368.0,28133.0,47214.0,50044.0,53500.0,51440.0,19830.0,37026.0,38916.0,39279.0,39197.0,39642.0,29737.0,26365.0
20261,A,골목상권,3110127,성수1가1동주민센터,148902.0,75779.0,73123.0,18715.0,26027.0,35844.0,26840.0,18465.0,23010.0,31732.0,32690.0,23234.0,22703.0,24179.0,14363.0,21813.0,21727.0,22271.0,22209.0,22140.0,19260.0,19482.0
20261,A,골목상권,3110128,성원중학교,1009526.0,515087.0,494439.0,90088.0,130796.0,184518.0,156948.0,177170.0,270006.0,259632.0,206329.0,124510.0,125180.0,166490.0,127385.0,144343.0,144549.0,145290.0,144066.0,144912.0,143832.0,142534.0
20261,A,골목상권,3110129,성원어린이공원,157193.0,80234.0,76958.0,13618.0,24220.0,36880.0,29298.0,24177.0,29001.0,37633.0,33593.0,22165.0,21901.0,24729.0,17172.0,23479.0,23328.0,23521.0,23719.0,23639.0,19935.0,19572.0
20261,A,골목상권,3110130,답십리역 6번,478621.0,224098.0,254523.0,35871.0,100477.0,88657.0,66971.0,77868.0,108776.0,130304.0,101583.0,55028.0,52962.0,76759.0,61984.0,67389.0,66733.0,66381.0,66634.0,67014.0,70486.0,73983.0
20261,A,골목상권,3110131,성수동카페거리,1077930.0,508913.0,569016.0,126076.0,307301.0,261955.0,171191.0,116751.0,94656.0,117602.0,188123.0,213423.0,246500.0,232347.0,79935.0,155718.0,158603.0,161943.0,164092.0,167951.0,143517.0,126108.0
20261,A,골목상권,3110132,성수2가3동주민센터,566707.0,282999.0,283708.0,44649.0,107092.0,147269.0,102297.0,77447.0,87953.0,142956.0,118352.0,78538.0,77792.0,84974.0,64094.0,84153.0,86110.0,85329.0,85735.0,85468.0,70596.0,69315.0
20261,A,골목상권,3110133,서울교통공사,242565.0,128116.0,114448.0,16527.0,44572.0,51851.0,37001.0,41377.0,51235.0,64079.0,52333.0,29725.0,29407.0,37152.0,29867.0,35162.0,35443.0,35263.0,35168.0,34966.0,33491.0,33071.0
20261,A,골목상권,3110134,성수119안전센터,1473582.0,747473.0,726109.0,141432.0,200778.0,284148.0,237242.0,263701.0,346282.0,334936.0,306193.0,183752.0,195920.0,265566.0,187217.0,206551.0,208540.0,208162.0,208389.0,210040.0,216749.0,215150.0
20261,A,골목상권,3110135,성동세무서,211357.0,107133.0,104225.0,20616.0,37159.0,45466.0,39720.0,34295.0,34103.0,38207.0,46689.0,33925.0,33927.0,37032.0,21576.0,31169.0,31809.0,31862.0,32018.0,31947.0,26558.0,25994.0
20261,A,골목상권,3110136,경수초등학교,1067436.0,524024.0,543412.0,105017.0,237798.0,229191.0,171913.0,155991.0,167525.0,208441.0,212523.0,165035.0,179784.0,193368.0,108285.0,153845.0,154815.0,156192.0,158246.0,160738.0,145811.0,137788.0
20261,A,골목상권,3110137,성수초등학교,2018729.0,977398.0,1041331.0,219685.0,400563.0,423750.0,380739.0,320505.0,273488.0,435259.0,447315.0,311077.0,310421.0,312180.0,202476.0,302469.0,309261.0,311833.0,313514.0,311825.0,240367.0,229459.0
20261,A,골목상권,3110138,송정체육공원,1176156.0,593037.0,583118.0,106959.0,268115.0,234817.0,177863.0,156996.0,231407.0,315625.0,263399.0,136484.0,133174.0,179239.0,148234.0,168711.0,167660.0,166838.0,168268.0,167791.0,165990.0,170899.0
20261,D,발달상권,3120048,금호역,880893.0,424179.0,456715.0,128219.0,102506.0,147967.0,134310.0,144562.0,223330.0,199370.0,178864.0,110526.0,111664.0,168075.0,112397.0,123516.0,121547.0,122734.0,122490.0,125171.0,134582.0,130854.0
20261,D,발달상권,3120049,왕십리역(왕십리),3003542.0,1377961.0,1625580.0,382756.0,981194.0,485630.0,384495.0,348963.0,420501.0,727525.0,603723.0,378783.0,375036.0,535083.0,383393.0,417366.0,426634.0,434872.0,435734.0,445923.0,435828.0,407186.0
20261,D,발달상권,3120050,서울숲역,233345.0,114305.0,119039.0,18159.0,42844.0,62310.0,39841.0,31697.0,38495.0,43586.0,46583.0,37112.0,39194.0,42739.0,24128.0,34128.0,34668.0,35565.0,35125.0,35293.0,30139.0,28426.0
20261,D,발달상권,3120051,뚝섬역,2393932.0,1137290.0,1256641.0,210652.0,540310.0,637321.0,441033.0,279724.0,284892.0,305692.0,479945.0,445899.0,461164.0,490988.0,210243.0,354106.0,371556.0,372710.0,376889.0,381090.0,283355.0,254225.0
20261,D,발달상권,3120052,성수역,1410766.0,661444.0,749321.0,141395.0,378376.0,342156.0,231431.0,167380.0,150028.0,139585.0,267097.0,279424.0,309719.0,305242.0,109700.0,205596.0,212533.0,215821.0,222976.0,225051.0,174967.0,153821.0
20261,R,전통시장,3130063,신금호역 골목형상점가,105352.0,46769.0,58585.0,16650.0,9087.0,17511.0,20924.0,15893.0,25288.0,22040.0,20816.0,14000.0,15575.0,20805.0,12117.0,14590.0,14562.0,14690.0,14722.0,14817.0,16062.0,15908.0
20261,R,전통시장,3130064,금남시장,295592.0,136766.0,158826.0,46202.0,27059.0,45235.0,49083.0,48292.0,79721.0,66669.0,57345.0,36125.0,38306.0,57459.0,39686.0,41462.0,40681.0,41276.0,41543.0,41851.0,44803.0,43975.0
20261,R,전통시장,3130065,무학봉상점가,1116198.0,508078.0,608120.0,137265.0,222076.0,216933.0,156074.0,162309.0,221540.0,330676.0,227082.0,116205.0,115270.0,175338.0,151626.0,156325.0,154549.0,155961.0,154735.0,157077.0,168467.0,169080.0
20261,R,전통시장,3130066,행당시장상점가,855133.0,405425.0,449709.0,90969.0,188873.0,170418.0,123756.0,131300.0,149815.0,195059.0,159891.0,104701.0,108151.0,172652.0,114679.0,117688.0,118461.0,119950.0,120336.0,124425.0,129443.0,124829.0
20261,R,전통시장,3130067,왕십리도선동상점가,1130502.0,534769.0,595733.0,120260.0,243752.0,218238.0,169267.0,164825.0,214159.0,297365.0,233161.0,137957.0,134897.0,187560.0,139562.0,158166.0,158732.0,160919.0,162478.0,165884.0,166090.0,158231.0
20261,R,전통시장,3130068,마장축산물시장,907359.0,469137.0,438223.0,90438.0,112337.0,157692.0,162783.0,163998.0,220114.0,175978.0,209697.0,138254.0,133866.0,156217.0,93347.0,130610.0,134031.0,136417.0,136358.0,136826.0,122641.0,110478.0
20261,R,전통시장,3130069,"한양대앞상점가(한양시장, 왕십리맛골목)",590530.0,291433.0,299099.0,84117.0,262351.0,76531.0,53619.0,50490.0,63422.0,146592.0,110173.0,70071.0,68149.0,109971.0,85574.0,81176.0,83241.0,86075.0,86791.0,90229.0,86303.0,76718.0
20261,R,전통시장,3130070,뚝섬역상점가,438426.0,212995.0,225431.0,49653.0,76253.0,99285.0,81024.0,61401.0,70811.0,91672.0,90403.0,68014.0,68607.0,75948.0,43781.0,65187.0,66369.0,66946.0,66822.0,66583.0,54531.0,51991.0
20261,R,전통시장,3130071,성수역 골목형상점가,52191.0,24455.0,27736.0,4875.0,13389.0,12643.0,8776.0,6449.0,6059.0,4751.0,10392.0,10214.0,10925.0,11578.0,4331.0,7613.0,7978.0,8068.0,8529.0,8486.0,6106.0,5411.0
20261,R,전통시장,3130072,성동용답상가시장,888237.0,433242.0,454994.0,77801.0,181946.0,158412.0,122578.0,144688.0,202812.0,254998.0,184152.0,95544.0,92341.0,141038.0,120163.0,125253.0,123715.0,123739.0,123987.0,124368.0,130960.0,136215.0
