STATBL_ID,DTACYCLE_CD,WRTTIME_IDTFR_ID,GRP_ID,GRP_NM,CLS_ID,CLS_NM,ITM_ID,ITM_NM,DTA_VAL,UI_NM,GRP_FULLNM,CLS_FULLNM,ITM_FULLNM,WRTTIME_DESC
T248223134698125,QY,202403,,,520004,광화문,100001,임대료,91.3674040198851,천원/㎡,,서울>도심>광화문,임대료,2024년 3분기
T248223134698125,QY,202403,,,520005,남대문,100001,임대료,69.6475336443628,천원/㎡,,서울>도심>남대문,임대료,2024년 3분기
T248223134698125,QY,202403,,,520006,동대문,100001,임대료,52.4996195349425,천원/㎡,,서울>도심>동대문,임대료,2024년 3분기
T248223134698125,QY,202403,,,520007,명동,100001,임대료,137.729447756511,천원/㎡,,서울>도심>명동,임대료,2024년 3분기
T248223134698125,QY,202403,,,520255,방산시장,100001,임대료,72.8516083587697,천원/㎡,,서울>도심>방산시장,임대료,2024년 3분기
T248223134698125,QY,202403,,,520257,북촌,100001,임대료,97.3336209959896,천원/㎡,,서울>도심>북촌,임대료,2024년 3분기
T248223134698125,QY,202403,,,520256,서촌,100001,임대료,43.6071396389631,천원/㎡,,서울>도심>서촌,임대료,2024년 3분기
T248223134698125,QY,202403,,,520008,시청,100001,임대료,95.7183316989947,천원/㎡,,서울>도심>시청,임대료,2024년 3분기
T248223134698125,QY,202403,,,520009,을지로,100001,임대료,67.8912600682256,천원/㎡,,서울>도심>을지로,임대료,2024년 3분기
T248223134698125,QY,202403,,,520010,종로,100001,임대료,69.2968567108085,천원/㎡,,서울>도심>종로,임대료,2024년 3분기
T248223134698125,QY,202403,,,520011,충무로,100001,임대료,51.9389869991949,천원/㎡,,서울>도심>충무로,임대료,2024년 3분기
T248223134698125,QY,202403,,,520013,강남대로,100001,임대료,80.2519301097115,천원/㎡,,서울>강남>강남대로,임대료,2024년 3분기
T248223134698125,QY,202403,,,520014,교대역,100001,임대료,43.590067069758,천원/㎡,,서울>강남>교대역,임대료,2024년 3분기
T248223134698125,QY,202403,,,520015,남부터미널,100001,임대료,41.9022480243064,천원/㎡,,서울>강남>남부터미널,임대료,2024년 3분기
T248223134698125,QY,202403,,,520016,논현역,100001,임대료,67.7571106486299,천원/㎡,,서울>강남>논현역,임대료,2024년 3분기
T248223134698125,QY,202403,,,520017,도산대로,100001,임대료,54.4926883832597,천원/㎡,,서울>강남>도산대로,임대료,2024년 3분기
T248223134698125,QY,202403,,,520018,신사역,100001,임대료,70.248333624585,천원/㎡,,서울>강남>신사역,임대료,2024년 3분기
T248223134698125,QY,202403,,,520019,압구정,100001,임대료,55.8924361180144,천원/㎡,,서울>강남>압구정,임대료,2024년 3분기
T248223134698125,QY,202403,,,520020,청담,100001,임대료,65.0633594341435,천원/㎡,,서울>강남>청담,임대료,2024년 3분기
T248223134698125,QY,202403,,,520021,테헤란로,100001,임대료,71.6387903233959,천원/㎡,,서울>강남>테헤란로,임대료,2024년 3분기
T248223134698125,QY,202403,,,520023,공덕역,100001,임대료,59.0013945330311,천원/㎡,,서울>영등포신촌>공덕역,임대료,2024년 3분기
T248223134698125,QY,202403,,,520024,당산역,100001,임대료,38.2944958560969,천원/㎡,,서울>영등포신촌>당산역,임대료,2024년 3분기
T248223134698125,QY,202403,,,520025,동교/연남,100001,임대료,55.0474088030859,천원/㎡,,서울>영등포신촌>동교/연남,임대료,2024년 3분기
T248223134698125,QY,202403,,,520026,망원역,100001,임대료,40.6167539619203,천원/㎡,,서울>영등포신촌>망원역,임대료,2024년 3분기
T248223134698125,QY,202403,,,520027,신촌/이대,100001,임대료,40.8604464336948,천원/㎡,,서울>영등포신촌>신촌/이대,임대료,2024년 3분기
T248223134698125,QY,202403,,,520028,영등포역,100001,임대료,37.9599434157417,천원/㎡,,서울>영등포신촌>영등포역,임대료,2024년 3분기
T248223134698125,QY,202403,,,520029,홍대/합정,100001,임대료,60.230328744764,천원/㎡,,서울>영등포신촌>홍대/합정,임대료,2024년 3분기
T248223134698125,QY,202403,,,520031,가락시장,100001,임대료,31.2640505939704,천원/㎡,,서울>기타>가락시장,임대료,2024년 3분기
T248223134698125,QY,202403,,,520032,건대입구,100001,임대료,50.4259913149098,천원/㎡,,서울>기타>건대입구,임대료,2024년 3분기
T248223134698125,QY,202403,,,520033,경희대,100001,임대료,47.5134893383732,천원/㎡,,서울>기타>경희대,임대료,2024년 3분기
T248223134698125,QY,202403,,,520034,군자,100001,임대료,35.0672308932366,천원/㎡,,서울>기타>군자,임대료,2024년 3분기
T248223134698125,QY,202403,,,520258,까치산역,100001,임대료,30.5989583333333,천원/㎡,,서울>기타>까치산역,임대료,2024년 3분기
T248223134698125,QY,202403,,,520035,노량진,100001,임대료,30.735328230109,천원/㎡,,서울>기타>노량진,임대료,2024년 3분기
T248223134698125,QY,202403,,,520036,독산/시흥,100001,임대료,31.2801500965164,천원/㎡,,서울>기타>독산/시흥,임대료,2024년 3분기
T248223134698125,QY,202403,,,520037,뚝섬,100001,임대료,56.8243532982331,천원/㎡,,서울>기타>뚝섬,임대료,2024년 3분기
T248223134698125,QY,202403,,,520038,목동,100001,임대료,40.3386235646895,천원/㎡,,서울>기타>목동,임대료,2024년 3분기
T248223134698125,QY,202403,,,520039,미아사거리,100001,임대료,40.165072920562,천원/㎡,,서울>기타>미아사거리,임대료,2024년 3분기
T248223134698125,QY,202403,,,520040,불광역,100001,임대료,39.6625586258705,천원/㎡,,서울>기타>불광역,임대료,2024년 3분기
T248223134698125,QY,202403,,,520041,사당,100001,임대료,45.1256578897113,천원/㎡,,서울>기타>사당,임대료,2024년 3분기
T248223134698125,QY,202403,,,520042,상계역,100001,임대료,24.5709148618029,천원/㎡,,서울>기타>상계역,임대료,2024년 3분기
T248223134698125,QY,202403,,,520043,상봉역,100001,임대료,44.7545610097553,천원/㎡,,서울>기타>상봉역,임대료,2024년 3분기
T248223134698125,QY,202403,,,520044,서울대입구역,100001,임대료,67.3469740360153,천원/㎡,,서울>기타>서울대입구역,임대료,2024년 3분기
T248223134698125,QY,202403,,,520045,성신여대,100001,임대료,58.2068167054337,천원/㎡,,서울>기타>성신여대,임대료,2024년 3분기
T248223134698125,QY,202403,,,520046,수유,100001,임대료,40.2232187885512,천원/㎡,,서울>기타>수유,임대료,2024년 3분기
T248223134698125,QY,202403,,,520047,숙명여대,100001,임대료,45.2869908155833,천원/㎡,,서울>기타>숙명여대,임대료,2024년 3분기
T248223134698125,QY,202403,,,520048,신림역,100001,임대료,67.3972389981064,천원/㎡,,서울>기타>신림역,임대료,2024년 3분기
T248223134698125,QY,202403,,,520259,약수역,100001,임대료,75.0157736361871,천원/㎡,,서울>기타>약수역,임대료,2024년 3분기
T248223134698125,QY,202403,,,520049,연신내,100001,임대료,44.7172957404881,천원/㎡,,서울>기타>연신내,임대료,2024년 3분기
T248223134698125,QY,202403,,,520050,오류동역,100001,임대료,55.6870464355168,천원/㎡,,서울>기타>오류동역,임대료,2024년 3분기
T248223134698125,QY,202403,,,520051,왕십리,100001,임대료,43.3257519312968,천원/㎡,,서울>기타>왕십리,임대료,2024년 3분기
T248223134698125,QY,202403,,,520052,용산역,100001,임대료,37.2285708792124,천원/㎡,,서울>기타>용산역,임대료,2024년 3분기
T248223134698125,QY,202403,,,520053,이태원,100001,임대료,66.8713234827021,천원/㎡,,서울>기타>이태원,임대료,2024년 3분기
T248223134698125,QY,202403,,,520054,잠실/송파,100001,임대료,36.4441024276856,천원/㎡,,서울>기타>잠실/송파,임대료,2024년 3분기
T248223134698125,QY,202403,,,520055,잠실새내역,100001,임대료,33.6604758569365,천원/㎡,,서울>기타>잠실새내역,임대료,2024년 3분기
T248223134698125,QY,202403,,,520056,장안동,100001,임대료,34.3995735039318,천원/㎡,,서울>기타>장안동,임대료,2024년 3분기
T248223134698125,QY,202403,,,520057,천호,100001,임대료,55.9992764172316,천원/㎡,,서울>기타>천호,임대료,2024년 3분기
T248223134698125,QY,202403,,,520058,청량리,100001,임대료,40.394726367126,천원/㎡,,서울>기타>청량리,임대료,2024년 3분기
T248223134698125,QY,202403,,,520059,혜화동,100001,임대료,60.8069024120562,천원/㎡,,서울>기타>혜화동,임대료,2024년 3분기
T248223134698125,QY,202403,,,520060,화곡,100001,임대료,29.8644040479442,천원/㎡,,서울>기타>화곡,임대료,2024년 3분기
T248223134698125,QY,202404,,,520004,광화문,100001,임대료,91.5728387248247,천원/㎡,,서울>도심>광화문,임대료,2024년 4분기
T248223134698125,QY,202404,,,520005,남대문,100001,임대료,69.7182221504117,천원/㎡,,서울>도심>남대문,임대료,2024년 4분기
T248223134698125,QY,202404,,,520006,동대문,100001,임대료,52.5082338381315,천원/㎡,,서울>도심>동대문,임대료,2024년 4분기
T248223134698125,QY,202404,,,520007,명동,100001,임대료,138.953169124569,천원/㎡,,서울>도심>명동,임대료,2024년 4분기
T248223134698125,QY,202404,,,520255,방산시장,100001,임대료,72.9075682867653,천원/㎡,,서울>도심>방산시장,임대료,2024년 4분기
T248223134698125,QY,202404,,,520257,북촌,100001,임대료,97.4859129905071,천원/㎡,,서울>도심>북촌,임대료,2024년 4분기
T248223134698125,QY,202404,,,520256,서촌,100001,임대료,43.6521941549275,천원/㎡,,서울>도심>서촌,임대료,2024년 4분기
T248223134698125,QY,202404,,,520008,시청,100001,임대료,95.7536094967034,천원/㎡,,서울>도심>시청,임대료,2024년 4분기
T248223134698125,QY,202404,,,520009,을지로,100001,임대료,68.0119859091275,천원/㎡,,서울>도심>을지로,임대료,2024년 4분기
T248223134698125,QY,202404,,,520010,종로,100001,임대료,69.5309583615415,천원/㎡,,서울>도심>종로,임대료,2024년 4분기
T248223134698125,QY,202404,,,520011,충무로,100001,임대료,51.9903735804457,천원/㎡,,서울>도심>충무로,임대료,2024년 4분기
T248223134698125,QY,202404,,,520013,강남대로,100001,임대료,80.3365840444264,천원/㎡,,서울>강남>강남대로,임대료,2024년 4분기
T248223134698125,QY,202404,,,520014,교대역,100001,임대료,43.7827435292822,천원/㎡,,서울>강남>교대역,임대료,2024년 4분기
T248223134698125,QY,202404,,,520015,남부터미널,100001,임대료,42.0457898388344,천원/㎡,,서울>강남>남부터미널,임대료,2024년 4분기
T248223134698125,QY,202404,,,520016,논현역,100001,임대료,68.2340443981963,천원/㎡,,서울>강남>논현역,임대료,2024년 4분기
T248223134698125,QY,202404,,,520017,도산대로,100001,임대료,54.6836634473727,천원/㎡,,서울>강남>도산대로,임대료,2024년 4분기
T248223134698125,QY,202404,,,520018,신사역,100001,임대료,70.3731557530519,천원/㎡,,서울>강남>신사역,임대료,2024년 4분기
T248223134698125,QY,202404,,,520019,압구정,100001,임대료,57.3261963932964,천원/㎡,,서울>강남>압구정,임대료,2024년 4분기
T248223134698125,QY,202404,,,520020,청담,100001,임대료,65.9750903103592,천원/㎡,,서울>강남>청담,임대료,2024년 4분기
T248223134698125,QY,202404,,,520021,테헤란로,100001,임대료,71.6539542453927,천원/㎡,,서울>강남>테헤란로,임대료,2024년 4분기
T248223134698125,QY,202404,,,520023,공덕역,100001,임대료,59.1594859864408,천원/㎡,,서울>영등포신촌>공덕역,임대료,2024년 4분기
T248223134698125,QY,202404,,,520024,당산역,100001,임대료,38.3232987698368,천원/㎡,,서울>영등포신촌>당산역,임대료,2024년 4분기
T248223134698125,QY,202404,,,520025,동교/연남,100001,임대료,55.1880182042305,천원/㎡,,서울>영등포신촌>동교/연남,임대료,2024년 4분기
T248223134698125,QY,202404,,,520026,망원역,100001,임대료,40.6282200635375,천원/㎡,,서울>영등포신촌>망원역,임대료,2024년 4분기
T248223134698125,QY,202404,,,520027,신촌/이대,100001,임대료,40.7993934361488,천원/㎡,,서울>영등포신촌>신촌/이대,임대료,2024년 4분기
T248223134698125,QY,202404,,,520028,영등포역,100001,임대료,37.9658890257501,천원/㎡,,서울>영등포신촌>영등포역,임대료,2024년 4분기
T248223134698125,QY,202404,,,520029,홍대/합정,100001,임대료,60.545952575265,천원/㎡,,서울>영등포신촌>홍대/합정,임대료,2024년 4분기
T248223134698125,QY,202404,,,520031,가락시장,100001,임대료,31.0776953476265,천원/㎡,,서울>기타>가락시장,임대료,2024년 4분기
T248223134698125,QY,202404,,,520032,건대입구,100001,임대료,50.4179296593682,천원/㎡,,서울>기타>건대입구,임대료,2024년 4분기
T248223134698125,QY,202404,,,520033,경희대,100001,임대료,47.3980725394581,천원/㎡,,서울>기타>경희대,임대료,2024년 4분기
T248223134698125,QY,202404,,,520034,군자,100001,임대료,35.156421741042,천원/㎡,,서울>기타>군자,임대료,2024년 4분기
T248223134698125,QY,202404,,,520258,까치산역,100001,임대료,30.5316091954023,천원/㎡,,서울>기타>까치산역,임대료,2024년 4분기
T248223134698125,QY,202404,,,520035,노량진,100001,임대료,30.6048480630944,천원/㎡,,서울>기타>노량진,임대료,2024년 4분기
T248223134698125,QY,202404,,,520036,독산/시흥,100001,임대료,31.2574191336977,천원/㎡,,서울>기타>독산/시흥,임대료,2024년 4분기
T248223134698125,QY,202404,,,520037,뚝섬,100001,임대료,58.0571210758387,천원/㎡,,서울>기타>뚝섬,임대료,2024년 4분기
T248223134698125,QY,202404,,,520038,목동,100001,임대료,40.3459372485921,천원/㎡,,서울>기타>목동,임대료,2024년 4분기
T248223134698125,QY,202404,,,520039,미아사거리,100001,임대료,40.1063090977082,천원/㎡,,서울>기타>미아사거리,임대료,2024년 4분기
T248223134698125,QY,202404,,,520040,불광역,100001,임대료,39.6016486305403,천원/㎡,,서울>기타>불광역,임대료,2024년 4분기
T248223134698125,QY,202404,,,520041,사당,100001,임대료,45.1048804149384,천원/㎡,,서울>기타>사당,임대료,2024년 4분기
T248223134698125,QY,202404,,,520042,상계역,100001,임대료,24.584674941061,천원/㎡,,서울>기타>상계역,임대료,2024년 4분기
T248223134698125,QY,202404,,,520043,상봉역,100001,임대료,44.6878958245372,천원/㎡,,서울>기타>상봉역,임대료,2024년 4분기
T248223134698125,QY,202404,,,520044,서울대입구역,100001,임대료,67.3599322716219,천원/㎡,,서울>기타>서울대입구역,임대료,2024년 4분기
T248223134698125,QY,202404,,,520045,성신여대,100001,임대료,58.3849353534084,천원/㎡,,서울>기타>성신여대,임대료,2024년 4분기
T248223134698125,QY,202404,,,520046,수유,100001,임대료,40.1456314445988,천원/㎡,,서울>기타>수유,임대료,2024년 4분기
T248223134698125,QY,202404,,,520047,숙명여대,100001,임대료,45.251461157201,천원/㎡,,서울>기타>숙명여대,임대료,2024년 4분기
T248223134698125,QY,202404,,,520048,신림역,100001,임대료,67.2897140433565,천원/㎡,,서울>기타>신림역,임대료,2024년 4분기
T248223134698125,QY,202404,,,520259,약수역,100001,임대료,74.9247718889536,천원/㎡,,서울>기타>약수역,임대료,2024년 4분기
T248223134698125,QY,202404,,,520049,연신내,100001,임대료,44.7464465199799,천원/㎡,,서울>기타>연신내,임대료,2024년 4분기
T248223134698125,QY,202404,,,520050,오류동역,100001,임대료,55.6562159085519,천원/㎡,,서울>기타>오류동역,임대료,2024년 4분기
T248223134698125,QY,202404,,,520051,왕십리,100001,임대료,43.4237873024587,천원/㎡,,서울>기타>왕십리,임대료,2024년 4분기
T248223134698125,QY,202404,,,520052,용산역,100001,임대료,38.1066296642867,천원/㎡,,서울>기타>용산역,임대료,2024년 4분기
T248223134698125,QY,202404,,,520053,이태원,100001,임대료,66.6426329898741,천원/㎡,,서울>기타>이태원,임대료,2024년 4분기
T248223134698125,QY,202404,,,520054,잠실/송파,100001,임대료,36.4061005655944,천원/㎡,,서울>기타>잠실/송파,임대료,2024년 4분기
T248223134698125,QY,202404,,,520055,잠실새내역,100001,임대료,33.693308672241,천원/㎡,,서울>기타>잠실새내역,임대료,2024년 4분기
T248223134698125,QY,202404,,,520056,장안동,100001,임대료,34.4440001777067,천원/㎡,,서울>기타>장안동,임대료,2024년 4분기
T248223134698125,QY,202404,,,520057,천호,100001,임대료,56.1635182202161,천원/㎡,,서울>기타>천호,임대료,2024년 4분기
T248223134698125,QY,202404,,,520058,청량리,100001,임대료,40.4570297221616,천원/㎡,,서울>기타>청량리,임대료,2024년 4분기
T248223134698125,QY,202404,,,520059,혜화동,100001,임대료,60.6866067406528,천원/㎡,,서울>기타>혜화동,임대료,2024년 4분기
T248223134698125,QY,202404,,,520060,화곡,100001,임대료,29.8491351887825,천원/㎡,,서울>기타>화곡,임대료,2024년 4분기
T248223134698125,QY,202501,,,520004,광화문,100001,임대료,91.3686800118412,천원/㎡,,서울>도심>광화문,임대료,2025년 1분기
T248223134698125,QY,202501,,,520005,남대문,100001,임대료,69.4051730521951,천원/㎡,,서울>도심>남대문,임대료,2025년 1분기
T248223134698125,QY,202501,,,520006,동대문,100001,임대료,52.8697449725724,천원/㎡,,서울>도심>동대문,임대료,2025년 1분기
T248223134698125,QY,202501,,,520007,명동,100001,임대료,139.502274866646,천원/㎡,,서울>도심>명동,임대료,2025년 1분기
T248223134698125,QY,202501,,,520255,방산시장,100001,임대료,72.8441731235814,천원/㎡,,서울>도심>방산시장,임대료,2025년 1분기
T248223134698125,QY,202501,,,520257,북촌,100001,임대료,97.4351489923346,천원/㎡,,서울>도심>북촌,임대료,2025년 1분기
T248223134698125,QY,202501,,,520256,서촌,100001,임대료,43.5245396930286,천원/㎡,,서울>도심>서촌,임대료,2025년 1분기
T248223134698125,QY,202501,,,520008,시청,100001,임대료,95.7237130579672,천원/㎡,,서울>도심>시청,임대료,2025년 1분기
T248223134698125,QY,202501,,,520009,을지로,100001,임대료,67.7535087882221,천원/㎡,,서울>도심>을지로,임대료,2025년 1분기
T248223134698125,QY,202501,,,520010,종로,100001,임대료,69.4898323958722,천원/㎡,,서울>도심>종로,임대료,2025년 1분기
T248223134698125,QY,202501,,,520011,충무로,100001,임대료,51.5464506146406,천원/㎡,,서울>도심>충무로,임대료,2025년 1분기
T248223134698125,QY,202501,,,520013,강남대로,100001,임대료,80.0432711659734,천원/㎡,,서울>강남>강남대로,임대료,2025년 1분기
T248223134698125,QY,202501,,,520014,교대역,100001,임대료,44.0427802907274,천원/㎡,,서울>강남>교대역,임대료,2025년 1분기
T248223134698125,QY,202501,,,520015,남부터미널,100001,임대료,42.1660725630454,천원/㎡,,서울>강남>남부터미널,임대료,2025년 1분기
T248223134698125,QY,202501,,,520016,논현역,100001,임대료,68.5158688865765,천원/㎡,,서울>강남>논현역,임대료,2025년 1분기
T248223134698125,QY,202501,,,520017,도산대로,100001,임대료,54.6836634473727,천원/㎡,,서울>강남>도산대로,임대료,2025년 1분기
T248223134698125,QY,202501,,,520018,신사역,100001,임대료,70.8006715430511,천원/㎡,,서울>강남>신사역,임대료,2025년 1분기
T248223134698125,QY,202501,,,520019,압구정,100001,임대료,58.3776205951698,천원/㎡,,서울>강남>압구정,임대료,2025년 1분기
T248223134698125,QY,202501,,,520020,청담,100001,임대료,66.2789929293597,천원/㎡,,서울>강남>청담,임대료,2025년 1분기
T248223134698125,QY,202501,,,520021,테헤란로,100001,임대료,71.8055934653606,천원/㎡,,서울>강남>테헤란로,임대료,2025년 1분기
T248223134698125,QY,202501,,,520023,공덕역,100001,임대료,59.2352034720212,천원/㎡,,서울>영등포신촌>공덕역,임대료,2025년 1분기
T248223134698125,QY,202501,,,520024,당산역,100001,임대료,38.3363065373323,천원/㎡,,서울>영등포신촌>당산역,임대료,2025년 1분기
T248223134698125,QY,202501,,,520025,동교/연남,100001,임대료,55.0881855294178,천원/㎡,,서울>영등포신촌>동교/연남,임대료,2025년 1분기
T248223134698125,QY,202501,,,520026,망원역,100001,임대료,40.55116786067,천원/㎡,,서울>영등포신촌>망원역,임대료,2025년 1분기
T248223134698125,QY,202501,,,520027,신촌/이대,100001,임대료,40.7378547049878,천원/㎡,,서울>영등포신촌>신촌/이대,임대료,2025년 1분기
T248223134698125,QY,202501,,,520028,영등포역,100001,임대료,38.0227492523379,천원/㎡,,서울>영등포신촌>영등포역,임대료,2025년 1분기
T248223134698125,QY,202501,,,520029,홍대/합정,100001,임대료,60.1970755197648,천원/㎡,,서울>영등포신촌>홍대/합정,임대료,2025년 1분기
T248223134698125,QY,202501,,,520031,가락시장,100001,임대료,30.9076092100904,천원/㎡,,서울>기타>가락시장,임대료,2025년 1분기
T248223134698125,QY,202501,,,520032,건대입구,100001,임대료,50.3742623585179,천원/㎡,,서울>기타>건대입구,임대료,2025년 1분기
T248223134698125,QY,202501,,,520033,경희대,100001,임대료,47.3115099402718,천원/㎡,,서울>기타>경희대,임대료,2025년 1분기
T248223134698125,QY,202501,,,520034,군자,100001,임대료,35.1771451601084,천원/㎡,,서울>기타>군자,임대료,2025년 1분기
T248223134698125,QY,202501,,,520258,까치산역,100001,임대료,30.4418103448276,천원/㎡,,서울>기타>까치산역,임대료,2025년 1분기
T248223134698125,QY,202501,,,520035,노량진,100001,임대료,30.3935944593565,천원/㎡,,서울>기타>노량진,임대료,2025년 1분기
T248223134698125,QY,202501,,,520036,독산/시흥,100001,임대료,31.2141220616622,천원/㎡,,서울>기타>독산/시흥,임대료,2025년 1분기
T248223134698125,QY,202501,,,520037,뚝섬,100001,임대료,59.1358848092604,천원/㎡,,서울>기타>뚝섬,임대료,2025년 1분기
T248223134698125,QY,202501,,,520038,목동,100001,임대료,40.3561764060557,천원/㎡,,서울>기타>목동,임대료,2025년 1분기
T248223134698125,QY,202501,,,520039,미아사거리,100001,임대료,40.019498904856,천원/㎡,,서울>기타>미아사거리,임대료,2025년 1분기
T248223134698125,QY,202501,,,520040,불광역,100001,임대료,39.456987391631,천원/㎡,,서울>기타>불광역,임대료,2025년 1분기
T248223134698125,QY,202501,,,520041,사당,100001,임대료,45.1803133426526,천원/㎡,,서울>기타>사당,임대료,2025년 1분기
T248223134698125,QY,202501,,,520042,상계역,100001,임대료,24.5470640577556,천원/㎡,,서울>기타>상계역,임대료,2025년 1분기
T248223134698125,QY,202501,,,520043,상봉역,100001,임대료,44.6656740961312,천원/㎡,,서울>기타>상봉역,임대료,2025년 1분기
T248223134698125,QY,202501,,,520044,서울대입구역,100001,임대료,67.2769995637394,천원/㎡,,서울>기타>서울대입구역,임대료,2025년 1분기
T248223134698125,QY,202501,,,520045,성신여대,100001,임대료,58.3220699482408,천원/㎡,,서울>기타>성신여대,임대료,2025년 1분기
T248223134698125,QY,202501,,,520046,수유,100001,임대료,40.0134096792798,천원/㎡,,서울>기타>수유,임대료,2025년 1분기
T248223134698125,QY,202501,,,520047,숙명여대,100001,임대료,45.3314028885612,천원/㎡,,서울>기타>숙명여대,임대료,2025년 1분기
T248223134698125,QY,202501,,,520048,신림역,100001,임대료,66.949218353315,천원/㎡,,서울>기타>신림역,임대료,2025년 1분기
T248223134698125,QY,202501,,,520259,약수역,100001,임대료,74.4697631527859,천원/㎡,,서울>기타>약수역,임대료,2025년 1분기
T248223134698125,QY,202501,,,520049,연신내,100001,임대료,44.6371310968855,천원/㎡,,서울>기타>연신내,임대료,2025년 1분기
T248223134698125,QY,202501,,,520050,오류동역,100001,임대료,55.5175773530016,천원/㎡,,서울>기타>오류동역,임대료,2025년 1분기
T248223134698125,QY,202501,,,520051,왕십리,100001,임대료,43.5061370142347,천원/㎡,,서울>기타>왕십리,임대료,2025년 1분기
T248223134698125,QY,202501,,,520052,용산역,100001,임대료,38.7187071385538,천원/㎡,,서울>기타>용산역,임대료,2025년 1분기
T248223134698125,QY,202501,,,520053,이태원,100001,임대료,66.8413461538462,천원/㎡,,서울>기타>이태원,임대료,2025년 1분기
T248223134698125,QY,202501,,,520054,잠실/송파,100001,임대료,36.5420759783896,천원/㎡,,서울>기타>잠실/송파,임대료,2025년 1분기
T248223134698125,QY,202501,,,520055,잠실새내역,100001,임대료,33.793631163449,천원/㎡,,서울>기타>잠실새내역,임대료,2025년 1분기
T248223134698125,QY,202501,,,520056,장안동,100001,임대료,34.4351148429517,천원/㎡,,서울>기타>장안동,임대료,2025년 1분기
T248223134698125,QY,202501,,,520057,천호,100001,임대료,56.2396092653051,천원/㎡,,서울>기타>천호,임대료,2025년 1분기
T248223134698125,QY,202501,,,520058,청량리,100001,임대료,40.4639523171656,천원/㎡,,서울>기타>청량리,임대료,2025년 1분기
T248223134698125,QY,202501,,,520059,혜화동,100001,임대료,60.6456550227282,천원/㎡,,서울>기타>혜화동,임대료,2025년 1분기
T248223134698125,QY,202501,,,520060,화곡,100001,임대료,29.842349029155,천원/㎡,,서울>기타>화곡,임대료,2025년 1분기
T248223134698125,QY,202502,,,520004,광화문,100001,임대료,91.3435855033703,천원/㎡,,서울>도심>광화문,임대료,2025년 2분기
T248223134698125,QY,202502,,,520005,남대문,100001,임대료,75.6084838942969,천원/㎡,,서울>도심>남대문,임대료,2025년 2분기
T248223134698125,QY,202502,,,520006,동대문,100001,임대료,52.8827506777417,천원/㎡,,서울>도심>동대문,임대료,2025년 2분기
T248223134698125,QY,202502,,,520007,명동,100001,임대료,140.035691873235,천원/㎡,,서울>도심>명동,임대료,2025년 2분기
T248223134698125,QY,202502,,,520255,방산시장,100001,임대료,72.7596462393363,천원/㎡,,서울>도심>방산시장,임대료,2025년 2분기
T248223134698125,QY,202502,,,520257,북촌,100001,임대료,97.6382049850246,천원/㎡,,서울>도심>북촌,임대료,2025년 2분기
T248223134698125,QY,202502,,,520256,서촌,100001,임대료,43.6296668969453,천원/㎡,,서울>도심>서촌,임대료,2025년 2분기
T248223134698125,QY,202502,,,520008,시청,100001,임대료,95.7787225052418,천원/㎡,,서울>도심>시청,임대료,2025년 2분기
T248223134698125,QY,202502,,,520009,을지로,100001,임대료,67.9020944385629,천원/㎡,,서울>도심>을지로,임대료,2025년 2분기
T248223134698125,QY,202502,,,520010,종로,100001,임대료,70.0541680305337,천원/㎡,,서울>도심>종로,임대료,2025년 2분기
T248223134698125,QY,202502,,,520011,충무로,100001,임대료,51.4815036855598,천원/㎡,,서울>도심>충무로,임대료,2025년 2분기
T248223134698125,QY,202502,,,520013,강남대로,100001,임대료,80.3787065611163,천원/㎡,,서울>강남>강남대로,임대료,2025년 2분기
T248223134698125,QY,202502,,,520014,교대역,100001,임대료,44.5694320964547,천원/㎡,,서울>강남>교대역,임대료,2025년 2분기
T248223134698125,QY,202502,,,520015,남부터미널,100001,임대료,42.1647434721702,천원/㎡,,서울>강남>남부터미널,임대료,2025년 2분기
T248223134698125,QY,202502,,,520016,논현역,100001,임대료,68.7543357613597,천원/㎡,,서울>강남>논현역,임대료,2025년 2분기
T248223134698125,QY,202502,,,520017,도산대로,100001,임대료,54.7655099034212,천원/㎡,,서울>강남>도산대로,임대료,2025년 2분기
T248223134698125,QY,202502,,,520018,신사역,100001,임대료,70.7117357765185,천원/㎡,,서울>강남>신사역,임대료,2025년 2분기
T248223134698125,QY,202502,,,520019,압구정,100001,임대료,59.0467087236347,천원/㎡,,서울>강남>압구정,임대료,2025년 2분기
T248223134698125,QY,202502,,,520020,청담,100001,임대료,66.5464478843146,천원/㎡,,서울>강남>청담,임대료,2025년 2분기
T248223134698125,QY,202502,,,520021,테헤란로,100001,임대료,71.9269048413348,천원/㎡,,서울>강남>테헤란로,임대료,2025년 2분기
T248223134698125,QY,202502,,,520023,공덕역,100001,임대료,59.145340961662,천원/㎡,,서울>영등포신촌>공덕역,임대료,2025년 2분기
T248223134698125,QY,202502,,,520024,당산역,100001,임대료,38.5230609135169,천원/㎡,,서울>영등포신촌>당산역,임대료,2025년 2분기
T248223134698125,QY,202502,,,520025,동교/연남,100001,임대료,55.2428558706769,천원/㎡,,서울>영등포신촌>동교/연남,임대료,2025년 2분기
T248223134698125,QY,202502,,,520026,망원역,100001,임대료,40.62455091102,천원/㎡,,서울>영등포신촌>망원역,임대료,2025년 2분기
T248223134698125,QY,202502,,,520027,신촌/이대,100001,임대료,40.7770693334744,천원/㎡,,서울>영등포신촌>신촌/이대,임대료,2025년 2분기
T248223134698125,QY,202502,,,520028,영등포역,100001,임대료,38.0198457102399,천원/㎡,,서울>영등포신촌>영등포역,임대료,2025년 2분기
T248223134698125,QY,202502,,,520029,홍대/합정,100001,임대료,60.5961142197553,천원/㎡,,서울>영등포신촌>홍대/합정,임대료,2025년 2분기
T248223134698125,QY,202502,,,520031,가락시장,100001,임대료,30.9519795068389,천원/㎡,,서울>기타>가락시장,임대료,2025년 2분기
T248223134698125,QY,202502,,,520032,건대입구,100001,임대료,50.3258924252684,천원/㎡,,서울>기타>건대입구,임대료,2025년 2분기
T248223134698125,QY,202502,,,520033,경희대,100001,임대료,47.3836454395937,천원/㎡,,서울>기타>경희대,임대료,2025년 2분기
T248223134698125,QY,202502,,,520034,군자,100001,임대료,35.1845872719279,천원/㎡,,서울>기타>군자,임대료,2025년 2분기
T248223134698125,QY,202502,,,520258,까치산역,100001,임대료,30.3520114942529,천원/㎡,,서울>기타>까치산역,임대료,2025년 2분기
T248223134698125,QY,202502,,,520035,노량진,100001,임대료,30.2434642138925,천원/㎡,,서울>기타>노량진,임대료,2025년 2분기
T248223134698125,QY,202502,,,520036,독산/시흥,100001,임대료,31.1719074164276,천원/㎡,,서울>기타>독산/시흥,임대료,2025년 2분기
T248223134698125,QY,202502,,,520037,뚝섬,100001,임대료,59.4809148051789,천원/㎡,,서울>기타>뚝섬,임대료,2025년 2분기
T248223134698125,QY,202502,,,520038,목동,100001,임대료,40.3591018796168,천원/㎡,,서울>기타>목동,임대료,2025년 2분기
T248223134698125,QY,202502,,,520039,미아사거리,100001,임대료,39.8365297291522,천원/㎡,,서울>기타>미아사거리,임대료,2025년 2분기
T248223134698125,QY,202502,,,520040,불광역,100001,임대료,39.4062290621891,천원/㎡,,서울>기타>불광역,임대료,2025년 2분기
T248223134698125,QY,202502,,,520041,사당,100001,임대료,45.2834368387683,천원/㎡,,서울>기타>사당,임대료,2025년 2분기
T248223134698125,QY,202502,,,520042,상계역,100001,임대료,24.5378906715836,천원/㎡,,서울>기타>상계역,임대료,2025년 2분기
T248223134698125,QY,202502,,,520043,상봉역,100001,임대료,44.6212306393191,천원/㎡,,서울>기타>상봉역,임대료,2025년 2분기
T248223134698125,QY,202502,,,520044,서울대입구역,100001,임대료,67.4001028020025,천원/㎡,,서울>기타>서울대입구역,임대료,2025년 2분기
T248223134698125,QY,202502,,,520045,성신여대,100001,임대료,58.3639802183525,천원/㎡,,서울>기타>성신여대,임대료,2025년 2분기
T248223134698125,QY,202502,,,520046,수유,100001,임대료,39.1254420757526,천원/㎡,,서울>기타>수유,임대료,2025년 2분기
T248223134698125,QY,202502,,,520047,숙명여대,100001,임대료,45.4202270345171,천원/㎡,,서울>기타>숙명여대,임대료,2025년 2분기
T248223134698125,QY,202502,,,520048,신림역,100001,임대료,66.9312975275234,천원/㎡,,서울>기타>신림역,임대료,2025년 2분기
T248223134698125,QY,202502,,,520259,약수역,100001,임대료,74.3787614055523,천원/㎡,,서울>기타>약수역,임대료,2025년 2분기
T248223134698125,QY,202502,,,520049,연신내,100001,임대료,44.5671692261051,천원/㎡,,서울>기타>연신내,임대료,2025년 2분기
T248223134698125,QY,202502,,,520050,오류동역,100001,임대료,55.496233142026,천원/㎡,,서울>기타>오류동역,임대료,2025년 2분기
T248223134698125,QY,202502,,,520051,왕십리,100001,임대료,43.664954315517,천원/㎡,,서울>기타>왕십리,임대료,2025년 2분기
T248223134698125,QY,202502,,,520052,용산역,100001,임대료,39.1096676194993,천원/㎡,,서울>기타>용산역,임대료,2025년 2분기
T248223134698125,QY,202502,,,520053,이태원,100001,임대료,66.8669871794872,천원/㎡,,서울>기타>이태원,임대료,2025년 2분기
T248223134698125,QY,202502,,,520054,잠실/송파,100001,임대료,36.6275801680949,천원/㎡,,서울>기타>잠실/송파,임대료,2025년 2분기
T248223134698125,QY,202502,,,520055,잠실새내역,100001,임대료,33.9427468662902,천원/㎡,,서울>기타>잠실새내역,임대료,2025년 2분기
T248223134698125,QY,202502,,,520056,장안동,100001,임대료,34.5150828557466,천원/㎡,,서울>기타>장안동,임대료,2025년 2분기
T248223134698125,QY,202502,,,520057,천호,100001,임대료,56.3038200575995,천원/㎡,,서울>기타>천호,임대료,2025년 2분기
T248223134698125,QY,202502,,,520058,청량리,100001,임대료,40.5058340169396,천원/㎡,,서울>기타>청량리,임대료,2025년 2분기
T248223134698125,QY,202502,,,520059,혜화동,100001,임대료,59.4981481844369,천원/㎡,,서울>기타>혜화동,임대료,2025년 2분기
T248223134698125,QY,202502,,,520060,화곡,100001,임대료,29.812659580785,천원/㎡,,서울>기타>화곡,임대료,2025년 2분기
T248223134698125,QY,202503,,,520004,광화문,100001,임대료,91.3640013746687,천원/㎡,,서울>도심>광화문,임대료,2025년 3분기
T248223134698125,QY,202503,,,520005,남대문,100001,임대료,76.1412873042387,천원/㎡,,서울>도심>남대문,임대료,2025년 3분기
T248223134698125,QY,202503,,,520006,동대문,100001,임대료,53.0704663556858,천원/㎡,,서울>도심>동대문,임대료,2025년 3분기
T248223134698125,QY,202503,,,520007,명동,100001,임대료,141.474348917477,천원/㎡,,서울>도심>명동,임대료,2025년 3분기
T248223134698125,QY,202503,,,520255,방산시장,100001,임대료,72.7244267042341,천원/㎡,,서울>도심>방산시장,임대료,2025년 3분기
T248223134698125,QY,202503,,,520257,북촌,100001,임대료,98.1120023013012,천원/㎡,,서울>도심>북촌,임대료,2025년 3분기
T248223134698125,QY,202503,,,520256,서촌,100001,임대료,43.9375394227015,천원/㎡,,서울>도심>서촌,임대료,2025년 3분기
T248223134698125,QY,202503,,,520008,시청,100001,임대료,95.8385153827143,천원/㎡,,서울>도심>시청,임대료,2025년 3분기
T248223134698125,QY,202503,,,520009,을지로,100001,임대료,67.9763872637334,천원/㎡,,서울>도심>을지로,임대료,2025년 3분기
T248223134698125,QY,202503,,,520010,종로,100001,임대료,70.196391988322,천원/㎡,,서울>도심>종로,임대료,2025년 3분기
T248223134698125,QY,202503,,,520011,충무로,100001,임대료,51.5500191272275,천원/㎡,,서울>도심>충무로,임대료,2025년 3분기
T248223134698125,QY,202503,,,520013,강남대로,100001,임대료,81.6365892929022,천원/㎡,,서울>강남>강남대로,임대료,2025년 3분기
T248223134698125,QY,202503,,,520014,교대역,100001,임대료,45.0627366194922,천원/㎡,,서울>강남>교대역,임대료,2025년 3분기
T248223134698125,QY,202503,,,520015,남부터미널,100001,임대료,42.4239161928458,천원/㎡,,서울>강남>남부터미널,임대료,2025년 3분기
T248223134698125,QY,202503,,,520016,논현역,100001,임대료,69.005809920222,천원/㎡,,서울>강남>논현역,임대료,2025년 3분기
T248223134698125,QY,202503,,,520017,도산대로,100001,임대료,55.8220142714071,천원/㎡,,서울>강남>도산대로,임대료,2025년 3분기
T248223134698125,QY,202503,,,520018,신사역,100001,임대료,70.8192908438808,천원/㎡,,서울>강남>신사역,임대료,2025년 3분기
T248223134698125,QY,202503,,,520019,압구정,100001,임대료,59.9069648888039,천원/㎡,,서울>강남>압구정,임대료,2025년 3분기
T248223134698125,QY,202503,,,520020,청담,100001,임대료,67.484197720793,천원/㎡,,서울>강남>청담,임대료,2025년 3분기
T248223134698125,QY,202503,,,520021,테헤란로,100001,임대료,72.465879885005,천원/㎡,,서울>강남>테헤란로,임대료,2025년 3분기
T248223134698125,QY,202503,,,520023,공덕역,100001,임대료,59.3200736206937,천원/㎡,,서울>영등포신촌>공덕역,임대료,2025년 3분기
T248223134698125,QY,202503,,,520024,당산역,100001,임대료,39.6513558384062,천원/㎡,,서울>영등포신촌>당산역,임대료,2025년 3분기
T248223134698125,QY,202503,,,520025,동교/연남,100001,임대료,55.4551760664051,천원/㎡,,서울>영등포신촌>동교/연남,임대료,2025년 3분기
T248223134698125,QY,202503,,,520026,망원역,100001,임대료,40.7639787066849,천원/㎡,,서울>영등포신촌>망원역,임대료,2025년 3분기
T248223134698125,QY,202503,,,520027,신촌/이대,100001,임대료,40.8458560417659,천원/㎡,,서울>영등포신촌>신촌/이대,임대료,2025년 3분기
T248223134698125,QY,202503,,,520028,영등포역,100001,임대료,38.0539266986716,천원/㎡,,서울>영등포신촌>영등포역,임대료,2025년 3분기
T248223134698125,QY,202503,,,520029,홍대/합정,100001,임대료,61.0313076295298,천원/㎡,,서울>영등포신촌>홍대/합정,임대료,2025년 3분기
T248223134698125,QY,202503,,,520031,가락시장,100001,임대료,30.990433764021,천원/㎡,,서울>기타>가락시장,임대료,2025년 3분기
T248223134698125,QY,202503,,,520032,건대입구,100001,임대료,50.3171589650984,천원/㎡,,서울>기타>건대입구,임대료,2025년 3분기
T248223134698125,QY,202503,,,520033,경희대,100001,임대료,47.3692183397294,천원/㎡,,서울>기타>경희대,임대료,2025년 3분기
T248223134698125,QY,202503,,,520034,군자,100001,임대료,35.2258051220048,천원/㎡,,서울>기타>군자,임대료,2025년 3분기
T248223134698125,QY,202503,,,520258,까치산역,100001,임대료,30.3632363505747,천원/㎡,,서울>기타>까치산역,임대료,2025년 3분기
T248223134698125,QY,202503,,,520035,노량진,100001,임대료,30.2235807536347,천원/㎡,,서울>기타>노량진,임대료,2025년 3분기
T248223134698125,QY,202503,,,520036,독산/시흥,100001,임대료,31.3065800425754,천원/㎡,,서울>기타>독산/시흥,임대료,2025년 3분기
T248223134698125,QY,202503,,,520037,뚝섬,100001,임대료,60.4841746131516,천원/㎡,,서울>기타>뚝섬,임대료,2025년 3분기
T248223134698125,QY,202503,,,520038,목동,100001,임대료,40.382505668105,천원/㎡,,서울>기타>목동,임대료,2025년 3분기
T248223134698125,QY,202503,,,520039,미아사거리,100001,임대료,39.7083177520167,천원/㎡,,서울>기타>미아사거리,임대료,2025년 3분기
T248223134698125,QY,202503,,,520040,불광역,100001,임대료,39.3681603151077,천원/㎡,,서울>기타>불광역,임대료,2025년 3분기
T248223134698125,QY,202503,,,520041,사당,100001,임대료,45.47076830824,천원/㎡,,서울>기타>사당,임대료,2025년 3분기
T248223134698125,QY,202503,,,520042,상계역,100001,임대료,24.5232132537083,천원/㎡,,서울>기타>상계역,임대료,2025년 3분기
T248223134698125,QY,202503,,,520043,상봉역,100001,임대료,44.6212306393191,천원/㎡,,서울>기타>상봉역,임대료,2025년 3분기
T248223134698125,QY,202503,,,520044,서울대입구역,100001,임대료,67.5037686868556,천원/㎡,,서울>기타>서울대입구역,임대료,2025년 3분기
T248223134698125,QY,202503,,,520045,성신여대,100001,임대료,58.2906372456571,천원/㎡,,서울>기타>성신여대,임대료,2025년 3분기
T248223134698125,QY,202503,,,520046,수유,100001,임대료,39.0951066416905,천원/㎡,,서울>기타>수유,임대료,2025년 3분기
T248223134698125,QY,202503,,,520047,숙명여대,100001,임대료,44.479603162994,천원/㎡,,서울>기타>숙명여대,임대료,2025년 3분기
T248223134698125,QY,202503,,,520048,신림역,100001,임대료,67.0226937390608,천원/㎡,,서울>기타>신림역,임대료,2025년 3분기
T248223134698125,QY,202503,,,520259,약수역,100001,임대료,74.2877596583187,천원/㎡,,서울>기타>약수역,임대료,2025년 3분기
T248223134698125,QY,202503,,,520049,연신내,100001,임대료,44.5278156737911,천원/㎡,,서울>기타>연신내,임대료,2025년 3분기
T248223134698125,QY,202503,,,520050,오류동역,100001,임대료,55.4582878780692,천원/㎡,,서울>기타>오류동역,임대료,2025년 3분기
T248223134698125,QY,202503,,,520051,왕십리,100001,임대료,43.7237755382142,천원/㎡,,서울>기타>왕십리,임대료,2025년 3분기
T248223134698125,QY,202503,,,520052,용산역,100001,임대료,39.583070717257,천원/㎡,,서울>기타>용산역,임대료,2025년 3분기
T248223134698125,QY,202503,,,520053,이태원,100001,임대료,67.5080128205128,천원/㎡,,서울>기타>이태원,임대료,2025년 3분기
T248223134698125,QY,202503,,,520054,잠실/송파,100001,임대료,36.9078439010178,천원/㎡,,서울>기타>잠실/송파,임대료,2025년 3분기
T248223134698125,QY,202503,,,520055,잠실새내역,100001,임대료,34.1003443797516,천원/㎡,,서울>기타>잠실새내역,임대료,2025년 3분기
T248223134698125,QY,202503,,,520056,장안동,100001,임대료,34.5061975209916,천원/㎡,,서울>기타>장안동,임대료,2025년 3분기
T248223134698125,QY,202503,,,520057,천호,100001,임대료,56.5521568222083,천원/㎡,,서울>기타>천호,임대료,2025년 3분기
T248223134698125,QY,202503,,,520058,청량리,100001,임대료,40.5992890494931,천원/㎡,,서울>기타>청량리,임대료,2025년 3분기
T248223134698125,QY,202503,,,520059,혜화동,100001,임대료,59.537340048206,천원/㎡,,서울>기타>혜화동,임대료,2025년 3분기
T248223134698125,QY,202503,,,520060,화곡,100001,임대료,29.7999355314835,천원/㎡,,서울>기타>화곡,임대료,2025년 3분기
T248223134698125,QY,202504,,,520004,광화문,100001,임대료,91.6385948436315,천원/㎡,,서울>도심>광화문,임대료,2025년 4분기
T248223134698125,QY,202504,,,520005,남대문,100001,임대료,76.5348898232949,천원/㎡,,서울>도심>남대문,임대료,2025년 4분기
T248223134698125,QY,202504,,,520006,동대문,100001,임대료,53.0834720608551,천원/㎡,,서울>도심>동대문,임대료,2025년 4분기
T248223134698125,QY,202504,,,520007,명동,100001,임대료,144.193206777534,천원/㎡,,서울>도심>명동,임대료,2025년 4분기
T248223134698125,QY,202504,,,520255,방산시장,100001,임대료,72.776082022384,천원/㎡,,서울>도심>방산시장,임대료,2025년 4분기
T248223134698125,QY,202504,,,520257,북촌,100001,임대료,98.7296309457333,천원/㎡,,서울>도심>북촌,임대료,2025년 4분기
T248223134698125,QY,202504,,,520256,서촌,100001,임대료,44.2228846904755,천원/㎡,,서울>도심>서촌,임대료,2025년 4분기
T248223134698125,QY,202504,,,520008,시청,100001,임대료,96.3252294053399,천원/㎡,,서울>도심>시청,임대료,2025년 4분기
T248223134698125,QY,202504,,,520009,을지로,100001,임대료,68.2395076862119,천원/㎡,,서울>도심>을지로,임대료,2025년 4분기
T248223134698125,QY,202504,,,520010,종로,100001,임대료,70.3497648969284,천원/㎡,,서울>도심>종로,임대료,2025년 4분기
T248223134698125,QY,202504,,,520011,충무로,100001,임대료,51.6956144407713,천원/㎡,,서울>도심>충무로,임대료,2025년 4분기
T248223134698125,QY,202504,,,520013,강남대로,100001,임대료,84.3245392621279,천원/㎡,,서울>강남>강남대로,임대료,2025년 4분기
T248223134698125,QY,202504,,,520014,교대역,100001,임대료,45.2590344193834,천원/㎡,,서울>강남>교대역,임대료,2025년 4분기
T248223134698125,QY,202504,,,520015,남부터미널,100001,임대료,43.0153616323363,천원/㎡,,서울>강남>남부터미널,임대료,2025년 4분기
T248223134698125,QY,202504,,,520016,논현역,100001,임대료,69.9505322203083,천원/㎡,,서울>강남>논현역,임대료,2025년 4분기
T248223134698125,QY,202504,,,520017,도산대로,100001,임대료,55.9628505257887,천원/㎡,,서울>강남>도산대로,임대료,2025년 4분기
T248223134698125,QY,202504,,,520018,신사역,100001,임대료,73.6548517537967,천원/㎡,,서울>강남>신사역,임대료,2025년 4분기
T248223134698125,QY,202504,,,520019,압구정,100001,임대료,60.5760530172688,천원/㎡,,서울>강남>압구정,임대료,2025년 4분기
T248223134698125,QY,202504,,,520020,청담,100001,임대료,68.2366872068426,천원/㎡,,서울>강남>청담,임대료,2025년 4분기
T248223134698125,QY,202504,,,520021,테헤란로,100001,임대료,72.5268313371733,천원/㎡,,서울>강남>테헤란로,임대료,2025년 4분기
T248223134698125,QY,202504,,,520023,공덕역,100001,임대료,59.5896611517711,천원/㎡,,서울>영등포신촌>공덕역,임대료,2025년 4분기
T248223134698125,QY,202504,,,520024,당산역,100001,임대료,40.9136669833488,천원/㎡,,서울>영등포신촌>당산역,임대료,2025년 4분기
T248223134698125,QY,202504,,,520025,동교/연남,100001,임대료,55.666090168122,천원/㎡,,서울>영등포신촌>동교/연남,임대료,2025년 4분기
T248223134698125,QY,202504,,,520026,망원역,100001,임대료,40.974954976441,천원/㎡,,서울>영등포신촌>망원역,임대료,2025년 4분기
T248223134698125,QY,202504,,,520027,신촌/이대,100001,임대료,40.8617298975254,천원/㎡,,서울>영등포신촌>신촌/이대,임대료,2025년 4분기
T248223134698125,QY,202504,,,520028,영등포역,100001,임대료,38.1592440627474,천원/㎡,,서울>영등포신촌>영등포역,임대료,2025년 4분기
T248223134698125,QY,202504,,,520029,홍대/합정,100001,임대료,61.4750679718464,천원/㎡,,서울>영등포신촌>홍대/합정,임대료,2025년 4분기
T248223134698125,QY,202504,,,520031,가락시장,100001,임대료,31.503067208345,천원/㎡,,서울>기타>가락시장,임대료,2025년 4분기
T248223134698125,QY,202504,,,520032,건대입구,100001,임대료,50.3332822761816,천원/㎡,,서울>기타>건대입구,임대료,2025년 4분기
T248223134698125,QY,202504,,,520033,경희대,100001,임대료,49.3372094743539,천원/㎡,,서울>기타>경희대,임대료,2025년 4분기
T248223134698125,QY,202504,,,520034,군자,100001,임대료,36.4580372538988,천원/㎡,,서울>기타>군자,임대료,2025년 4분기
T248223134698125,QY,202504,,,520258,까치산역,100001,임대료,31.8946254263201,천원/㎡,,서울>기타>까치산역,임대료,2025년 4분기
T248223134698125,QY,202504,,,520035,노량진,100001,임대료,30.2542404312135,천원/㎡,,서울>기타>노량진,임대료,2025년 4분기
T248223134698125,QY,202504,,,520036,독산/시흥,100001,임대료,31.4391679373007,천원/㎡,,서울>기타>독산/시흥,임대료,2025년 4분기
T248223134698125,QY,202504,,,520037,뚝섬,100001,임대료,61.9612704310987,천원/㎡,,서울>기타>뚝섬,임대료,2025년 4분기
T248223134698125,QY,202504,,,520038,목동,100001,임대료,40.3927448255686,천원/㎡,,서울>기타>목동,임대료,2025년 4분기
T248223134698125,QY,202504,,,520039,미아사거리,100001,임대료,40.2269015714394,천원/㎡,,서울>기타>미아사거리,임대료,2025년 4분기
T248223134698125,QY,202504,,,520040,불광역,100001,임대료,39.3783119809961,천원/㎡,,서울>기타>불광역,임대료,2025년 4분기
T248223134698125,QY,202504,,,520041,사당,100001,임대료,47.7781045673173,천원/㎡,,서울>기타>사당,임대료,2025년 4분기
T248223134698125,QY,202504,,,520042,상계역,100001,임대료,24.8364980862844,천원/㎡,,서울>기타>상계역,임대료,2025년 4분기
T248223134698125,QY,202504,,,520043,상봉역,100001,임대료,44.7767827381614,천원/㎡,,서울>기타>상봉역,임대료,2025년 4분기
T248223134698125,QY,202504,,,520044,서울대입구역,100001,임대료,68.4109062071443,천원/㎡,,서울>기타>서울대입구역,임대료,2025년 4분기
T248223134698125,QY,202504,,,520045,성신여대,100001,임대료,58.3115923807129,천원/㎡,,서울>기타>성신여대,임대료,2025년 4분기
T248223134698125,QY,202504,,,520046,수유,100001,임대료,39.0746934225195,천원/㎡,,서울>기타>수유,임대료,2025년 4분기
T248223134698125,QY,202504,,,520047,숙명여대,100001,임대료,44.5742520586135,천원/㎡,,서울>기타>숙명여대,임대료,2025년 4분기
T248223134698125,QY,202504,,,520048,신림역,100001,임대료,67.7403956430905,천원/㎡,,서울>기타>신림역,임대료,2025년 4분기
T248223134698125,QY,202504,,,520259,약수역,100001,임대료,74.4697631527859,천원/㎡,,서울>기타>약수역,임대료,2025년 4분기
T248223134698125,QY,202504,,,520049,연신내,100001,임대료,44.6910600389454,천원/㎡,,서울>기타>연신내,임대료,2025년 4분기
T248223134698125,QY,202504,,,520050,오류동역,100001,임대료,55.5526569590033,천원/㎡,,서울>기타>오류동역,임대료,2025년 4분기
T248223134698125,QY,202504,,,520051,왕십리,100001,임대료,43.7943610054508,천원/㎡,,서울>기타>왕십리,임대료,2025년 4분기
T248223134698125,QY,202504,,,520052,용산역,100001,임대료,40.0983234589689,천원/㎡,,서울>기타>용산역,임대료,2025년 4분기
T248223134698125,QY,202504,,,520053,이태원,100001,임대료,68.0849358974359,천원/㎡,,서울>기타>이태원,임대료,2025년 4분기
T248223134698125,QY,202504,,,520054,잠실/송파,100001,임대료,37.0342000924712,천원/㎡,,서울>기타>잠실/송파,임대료,2025년 4분기
T248223134698125,QY,202504,,,520055,잠실새내역,100001,임대료,34.1842504633075,천원/㎡,,서울>기타>잠실새내역,임대료,2025년 4분기
T248223134698125,QY,202504,,,520056,장안동,100001,임대료,34.4973121862366,천원/㎡,,서울>기타>장안동,임대료,2025년 4분기
T248223134698125,QY,202504,,,520057,천호,100001,임대료,56.6684469099857,천원/㎡,,서울>기타>천호,임대료,2025년 4분기
T248223134698125,QY,202504,,,520058,청량리,100001,임대료,40.623518132007,천원/㎡,,서울>기타>청량리,임대료,2025년 4분기
T248223134698125,QY,202504,,,520059,혜화동,100001,임대료,60.0289977198374,천원/㎡,,서울>기타>혜화동,임대료,2025년 4분기
T248223134698125,QY,202504,,,520060,화곡,100001,임대료,30.1390793759643,천원/㎡,,서울>기타>화곡,임대료,2025년 4분기
T248223134698125,QY,202601,,,520004,광화문,100001,임대료,92.2407269411241,천원/㎡,,서울>도심>광화문,임대료,2026년 1분기
T248223134698125,QY,202601,,,520005,남대문,100001,임대료,77.0189340836706,천원/㎡,,서울>도심>남대문,임대료,2026년 1분기
T248223134698125,QY,202601,,,520006,동대문,100001,임대료,53.0979228443766,천원/㎡,,서울>도심>동대문,임대료,2026년 1분기
T248223134698125,QY,202601,,,520007,명동,100001,임대료,147.578051459052,천원/㎡,,서울>도심>명동,임대료,2026년 1분기
T248223134698125,QY,202601,,,520255,방산시장,100001,임대료,71.2799175780631,천원/㎡,,서울>도심>방산시장,임대료,2026년 1분기
T248223134698125,QY,202601,,,520257,북촌,100001,임대료,99.4826302519586,천원/㎡,,서울>도심>북촌,임대료,2026년 1분기
T248223134698125,QY,202601,,,520256,서촌,100001,임대료,44.6433935061424,천원/㎡,,서울>도심>서촌,임대료,2026년 1분기
T248223134698125,QY,202601,,,520008,시청,100001,임대료,96.941096043306,천원/㎡,,서울>도심>시청,임대료,2026년 1분기
T248223134698125,QY,202601,,,520009,을지로,100001,임대료,68.7038378435269,천원/㎡,,서울>도심>을지로,임대료,2026년 1분기
T248223134698125,QY,202601,,,520010,종로,100001,임대료,70.9887207063457,천원/㎡,,서울>도심>종로,임대료,2026년 1분기
T248223134698125,QY,202601,,,520011,충무로,100001,임대료,51.7281592755634,천원/㎡,,서울>도심>충무로,임대료,2026년 1분기
T248223134698125,QY,202601,,,520013,강남대로,100001,임대료,84.6703087721725,천원/㎡,,서울>강남>강남대로,임대료,2026년 1분기
T248223134698125,QY,202601,,,520014,교대역,100001,임대료,46.0587263978192,천원/㎡,,서울>강남>교대역,임대료,2026년 1분기
T248223134698125,QY,202601,,,520015,남부터미널,100001,임대료,43.8925616100075,천원/㎡,,서울>강남>남부터미널,임대료,2026년 1분기
T248223134698125,QY,202601,,,520016,논현역,100001,임대료,70.1117441809107,천원/㎡,,서울>강남>논현역,임대료,2026년 1분기
T248223134698125,QY,202601,,,520017,도산대로,100001,임대료,55.7802850108496,천원/㎡,,서울>강남>도산대로,임대료,2026년 1분기
T248223134698125,QY,202601,,,520018,신사역,100001,임대료,74.1378099164482,천원/㎡,,서울>강남>신사역,임대료,2026년 1분기
T248223134698125,QY,202601,,,520019,압구정,100001,임대료,61.3407251640859,천원/㎡,,서울>강남>압구정,임대료,2026년 1분기
T248223134698125,QY,202601,,,520020,청담,100001,임대료,68.66240116608,천원/㎡,,서울>강남>청담,임대료,2026년 1분기
T248223134698125,QY,202601,,,520021,테헤란로,100001,임대료,72.9306347077886,천원/㎡,,서울>강남>테헤란로,임대료,2026년 1분기
T248223134698125,QY,202601,,,520023,공덕역,100001,임대료,59.7953464532599,천원/㎡,,서울>영등포신촌>공덕역,임대료,2026년 1분기
T248223134698125,QY,202601,,,520024,당산역,100001,임대료,41.0128744961431,천원/㎡,,서울>영등포신촌>당산역,임대료,2026년 1분기
T248223134698125,QY,202601,,,520025,동교/연남,100001,임대료,56.4886551648177,천원/㎡,,서울>영등포신촌>동교/연남,임대료,2026년 1분기
T248223134698125,QY,202601,,,520026,망원역,100001,임대료,41.2602315846764,천원/㎡,,서울>영등포신촌>망원역,임대료,2026년 1분기
T248223134698125,QY,202601,,,520027,신촌/이대,100001,임대료,40.7305060232464,천원/㎡,,서울>영등포신촌>신촌/이대,임대료,2026년 1분기
T248223134698125,QY,202601,,,520028,영등포역,100001,임대료,38.2796225850928,천원/㎡,,서울>영등포신촌>영등포역,임대료,2026년 1분기
T248223134698125,QY,202601,,,520029,홍대/합정,100001,임대료,62.8967278826601,천원/㎡,,서울>영등포신촌>홍대/합정,임대료,2026년 1분기
T248223134698125,QY,202601,,,520031,가락시장,100001,임대료,31.6291785646726,천원/㎡,,서울>기타>가락시장,임대료,2026년 1분기
T248223134698125,QY,202601,,,520032,건대입구,100001,임대료,51.4115253753361,천원/㎡,,서울>기타>건대입구,임대료,2026년 1분기
T248223134698125,QY,202601,,,520033,경희대,100001,임대료,50.3768996042177,천원/㎡,,서울>기타>경희대,임대료,2026년 1분기
T248223134698125,QY,202601,,,520034,군자,100001,임대료,36.5006726924753,천원/㎡,,서울>기타>군자,임대료,2026년 1분기
T248223134698125,QY,202601,,,520258,까치산역,100001,임대료,31.8311184287898,천원/㎡,,서울>기타>까치산역,임대료,2026년 1분기
T248223134698125,QY,202601,,,520035,노량진,100001,임대료,30.332496785679,천원/㎡,,서울>기타>노량진,임대료,2026년 1분기
T248223134698125,QY,202601,,,520036,독산/시흥,100001,임대료,31.3563005030974,천원/㎡,,서울>기타>독산/시흥,임대료,2026년 1분기
T248223134698125,QY,202601,,,520037,뚝섬,100001,임대료,63.7755766032825,천원/㎡,,서울>기타>뚝섬,임대료,2026년 1분기
T248223134698125,QY,202601,,,520038,목동,100001,임대료,40.4395524025452,천원/㎡,,서울>기타>목동,임대료,2026년 1분기
T248223134698125,QY,202601,,,520039,미아사거리,100001,임대료,40.2593469820361,천원/㎡,,서울>기타>미아사거리,임대료,2026년 1분기
T248223134698125,QY,202601,,,520040,불광역,100001,임대료,39.2970986538891,천원/㎡,,서울>기타>불광역,임대료,2026년 1분기
T248223134698125,QY,202601,,,520041,사당,100001,임대료,47.8681384200459,천원/㎡,,서울>기타>사당,임대료,2026년 1분기
T248223134698125,QY,202601,,,520042,상계역,100001,임대료,24.8318531455539,천원/㎡,,서울>기타>상계역,임대료,2026년 1분기
T248223134698125,QY,202601,,,520043,상봉역,100001,임대료,45.608566007048,천원/㎡,,서울>기타>상봉역,임대료,2026년 1분기
T248223134698125,QY,202601,,,520044,서울대입구역,100001,임대료,68.6632754548999,천원/㎡,,서울>기타>서울대입구역,임대료,2026년 1분기
T248223134698125,QY,202601,,,520045,성신여대,100001,임대료,58.2709918065422,천원/㎡,,서울>기타>성신여대,임대료,2026년 1분기
T248223134698125,QY,202601,,,520046,수유,100001,임대료,39.6478202491804,천원/㎡,,서울>기타>수유,임대료,2026년 1분기
T248223134698125,QY,202601,,,520047,숙명여대,100001,임대료,44.8668031905282,천원/㎡,,서울>기타>숙명여대,임대료,2026년 1분기
T248223134698125,QY,202601,,,520048,신림역,100001,임대료,67.7868908354876,천원/㎡,,서울>기타>신림역,임대료,2026년 1분기
T248223134698125,QY,202601,,,520259,약수역,100001,임대료,74.8807877111241,천원/㎡,,서울>기타>약수역,임대료,2026년 1분기
T248223134698125,QY,202601,,,520049,연신내,100001,임대료,44.6517064866315,천원/㎡,,서울>기타>연신내,임대료,2026년 1분기
T248223134698125,QY,202601,,,520050,오류동역,100001,임대료,55.6137251181837,천원/㎡,,서울>기타>오류동역,임대료,2026년 1분기
T248223134698125,QY,202601,,,520051,왕십리,100001,임대료,43.8571036429944,천원/㎡,,서울>기타>왕십리,임대료,2026년 1분기
T248223134698125,QY,202601,,,520052,용산역,100001,임대료,39.9726208459214,천원/㎡,,서울>기타>용산역,임대료,2026년 1분기
T248223134698125,QY,202601,,,520053,이태원,100001,임대료,69.0208333333333,천원/㎡,,서울>기타>이태원,임대료,2026년 1분기
T248223134698125,QY,202601,,,520054,잠실/송파,100001,임대료,35.8409816014543,천원/㎡,,서울>기타>잠실/송파,임대료,2026년 1분기
T248223134698125,QY,202601,,,520055,잠실새내역,100001,임대료,34.2422551036787,천원/㎡,,서울>기타>잠실새내역,임대료,2026년 1분기
T248223134698125,QY,202601,,,520056,장안동,100001,임대료,34.4795415167266,천원/㎡,,서울>기타>장안동,임대료,2026년 1분기
T248223134698125,QY,202601,,,520057,천호,100001,임대료,57.2112416622879,천원/㎡,,서울>기타>천호,임대료,2026년 1분기
T248223134698125,QY,202601,,,520058,청량리,100001,임대료,40.6037598920998,천원/㎡,,서울>기타>청량리,임대료,2026년 1분기
T248223134698125,QY,202601,,,520059,혜화동,100001,임대료,60.2607316347774,천원/㎡,,서울>기타>혜화동,임대료,2026년 1분기
T248223134698125,QY,202601,,,520060,화곡,100001,임대료,30.1227927310132,천원/㎡,,서울>기타>화곡,임대료,2026년 1분기
