STDR_YYQU_CD,TRDAR_SE_CD,TRDAR_SE_CD_NM,TRDAR_CD,TRDAR_CD_NM,SVC_INDUTY_CD,SVC_INDUTY_CD_NM,THSMON_SELNG_AMT,THSMON_SELNG_CO,MDWK_SELNG_AMT,WKEND_SELNG_AMT,MON_SELNG_AMT,TUES_SELNG_AMT,WED_SELNG_AMT,THUR_SELNG_AMT,FRI_SELNG_AMT,SAT_SELNG_AMT,SUN_SELNG_AMT,TMZON_00_06_SELNG_AMT,TMZON_06_11_SELNG_AMT,TMZON_11_14_SELNG_AMT,TMZON_14_17_SELNG_AMT,TMZON_17_21_SELNG_AMT,TMZON_21_24_SELNG_AMT,ML_SELNG_AMT,FML_SELNG_AMT,AGRDE_10_SELNG_AMT,AGRDE_20_SELNG_AMT,AGRDE_30_SELNG_AMT,AGRDE_40_SELNG_AMT,AGRDE_50_SELNG_AMT,AGRDE_60_ABOVE_SELNG_AMT,MDWK_SELNG_CO,WKEND_SELNG_CO,MON_SELNG_CO,TUES_SELNG_CO,WED_SELNG_CO,THUR_SELNG_CO,FRI_SELNG_CO,SAT_SELNG_CO,SUN_SELNG_CO,TMZON_00_06_SELNG_CO,TMZON_06_11_SELNG_CO,TMZON_11_14_SELNG_CO,TMZON_14_17_SELNG_CO,TMZON_17_21_SELNG_CO,TMZON_21_24_SELNG_CO,ML_SELNG_CO,FML_SELNG_CO,AGRDE_10_SELNG_CO,AGRDE_20_SELNG_CO,AGRDE_30_SELNG_CO,AGRDE_40_SELNG_CO,AGRDE_50_SELNG_CO,AGRDE_60_ABOVE_SELNG_CO
20251,D,발달상권,3120052,성수역,CS200019,PC방,233226583.0,42711.0,168354789.0,64871794.0,34101518.0,27243329.0,35555207.0,33219256.0,38235479.0,35178440.0,29693354.0,23815803.0,14689691.0,39815803.0,41885924.0,76795396.0,36223966.0,193156006.0,40070577.0,1554065.0,104064422.0,104044580.0,11952456.0,7930195.0,3680865.0,30695.0,12016.0,6164.0,5379.0,6143.0,6028.0,6981.0,6688.0,5328.0,3841.0,2940.0,7159.0,8675.0,13837.0,6259.0,33603.0,9108.0,430.0,21156.0,16885.0,1742.0,1732.0,766.0
20251,A,골목상권,3110128,성원중학교,CS300031,가구,68707333.0,57.0,68707333.0,0.0,0.0,0.0,0.0,68707333.0,0.0,0.0,0.0,0.0,0.0,0.0,0.0,68707333.0,0.0,0.0,68707333.0,0.0,0.0,0.0,0.0,0.0,68707333.0,57.0,0.0,0.0,0.0,0.0,57.0,0.0,0.0,0.0,0.0,0.0,0.0,0.0,57.0,0.0,0.0,57.0,0.0,0.0,0.0,0.0,0.0,57.0
20251,A,골목상권,3110131,성수동카페거리,CS300015,가방,456974022.0,4347.0,456974022.0,0.0,241014735.0,39331089.0,23546442.0,69115382.0,83966374.0,0.0,0.0,0.0,211947863.0,108132717.0,48803452.0,88089990.0,0.0,226089038.0,121280477.0,0.0,0.0,97973085.0,0.0,119525088.0,129871342.0,4347.0,0.0,1902.0,814.0,544.0,544.0,543.0,0.0,0.0,0.0,1087.0,1087.0,1357.0,816.0,0.0,1902.0,1358.0,0.0,0.0,543.0,0.0,815.0,1903.0
20251,A,골목상권,3110117,성동구보건소,CS300032,가전제품,9580324.0,383.0,9580324.0,0.0,3189189.0,0.0,0.0,6378378.0,12757.0,0.0,0.0,0.0,0.0,12757.0,9567567.0,0.0,0.0,6391135.0,0.0,0.0,0.0,0.0,0.0,12757.0,6378378.0,383.0,0.0,127.0,0.0,0.0,128.0,128.0,0.0,0.0,0.0,0.0,128.0,255.0,0.0,0.0,255.0,0.0,0.0,0.0,0.0,0.0,128.0,128.0
20251,A,골목상권,3110137,성수초등학교,CS200032,가전제품수리,97153998.0,1960.0,80794402.0,16359596.0,15223011.0,14751448.0,19273612.0,17665462.0,13880869.0,16359596.0,0.0,0.0,15573659.0,44351071.0,26528423.0,10700845.0,0.0,49346510.0,43442510.0,0.0,266010.0,10254109.0,19164893.0,21544317.0,41559691.0,1633.0,327.0,363.0,303.0,339.0,338.0,290.0,327.0,0.0,0.0,339.0,883.0,544.0,194.0,0.0,968.0,931.0,0.0,24.0,146.0,342.0,489.0,898.0
20251,A,골목상권,3110122,마장역 2번,CS200017,골프연습장,84719367.0,2488.0,51060467.0,33658900.0,13108771.0,11357863.0,9733665.0,6815485.0,10044683.0,20312067.0,13346833.0,12118125.0,6780928.0,10835663.0,12310112.0,27761105.0,14913434.0,68101101.0,10075399.0,0.0,6419996.0,10843342.0,25311370.0,24313045.0,11288748.0,1534.0,954.0,421.0,330.0,246.0,229.0,308.0,570.0,384.0,354.0,306.0,407.0,338.0,753.0,330.0,2043.0,316.0,0.0,130.0,323.0,760.0,768.0,376.0
20251,A,골목상권,3110110,상왕십리역 6번,CS200029,네일숍,40865750.0,479.0,24299455.0,16566295.0,2552757.0,1891710.0,0.0,15078921.0,4776067.0,16566295.0,0.0,0.0,0.0,2882606.0,8817998.0,29165146.0,0.0,180162.0,28279171.0,0.0,7691979.0,17123150.0,1216100.0,1302086.0,1126018.0,339.0,140.0,66.0,13.0,0.0,132.0,128.0,140.0,0.0,0.0,0.0,16.0,252.0,211.0,0.0,8.0,409.0,0.0,248.0,137.0,8.0,20.0,4.0
20251,A,골목상권,3110122,마장역 2번,CS200037,노래방,218609191.0,1312.0,135364399.0,83244792.0,31994780.0,7268288.0,25027491.0,35215502.0,35858338.0,47971530.0,35273262.0,29191646.0,0.0,0.0,10976465.0,62983910.0,115457170.0,201832752.0,12520780.0,0.0,1419713.0,7517313.0,21828084.0,159521790.0,24066632.0,721.0,591.0,155.0,64.0,129.0,164.0,209.0,359.0,232.0,215.0,0.0,0.0,38.0,350.0,709.0,1090.0,183.0,0.0,38.0,91.0,252.0,721.0,172.0
20251,A,골목상권,3110128,성원중학교,CS200016,당구장,34738961.0,1971.0,23303414.0,11435547.0,5325740.0,3987184.0,3559206.0,6814339.0,3616945.0,6252207.0,5183340.0,1480954.0,0.0,227839.0,5951516.0,16004698.0,11073954.0,33113537.0,1625424.0,0.0,1388722.0,1785587.0,1366254.0,15550019.0,14648379.0,1363.0,608.0,227.0,256.0,240.0,469.0,171.0,351.0,257.0,56.0,0.0,28.0,411.0,1024.0,452.0,1844.0,127.0,0.0,41.0,127.0,97.0,855.0,851.0
20251,A,골목상권,3110128,성원중학교,CS300021,문구,108665554.0,4665.0,103603386.0,5062168.0,42632448.0,2696305.0,22586766.0,18393747.0,17294120.0,3082285.0,1979883.0,335997.0,1505044.0,39286643.0,58371542.0,6125695.0,3040633.0,9800517.0,13908089.0,17133.0,1806107.0,6481190.0,6507387.0,5884188.0,3012601.0,3554.0,1111.0,1166.0,500.0,721.0,611.0,556.0,639.0,472.0,167.0,167.0,446.0,1719.0,1360.0,806.0,2207.0,1876.0,29.0,883.0,969.0,1470.0,448.0,283.0
20251,R,전통시장,3130067,왕십리도선동상점가,CS300006,미곡판매,1139610559.0,23825.0,984741862.0,154868697.0,339035023.0,90322503.0,117399564.0,356558878.0,81425894.0,79955982.0,74912715.0,0.0,55242417.0,742553304.0,187448875.0,146068669.0,8297294.0,439926849.0,699683710.0,0.0,0.0,283477093.0,15487760.0,181922743.0,658722963.0,18912.0,4913.0,3683.0,3876.0,3749.0,3900.0,3704.0,3965.0,948.0,0.0,1764.0,7433.0,6980.0,7174.0,474.0,6836.0,16989.0,0.0,0.0,1370.0,962.0,7059.0,14434.0
20251,A,골목상권,3110102,옥수역 6번,CS200028,미용실,413725846.0,5232.0,278951037.0,134774809.0,41604582.0,39177482.0,57413304.0,62634063.0,78121606.0,87536513.0,47238296.0,0.0,10245174.0,140695046.0,127956426.0,134416153.0,413047.0,162119131.0,233485508.0,1326106.0,16949113.0,47793818.0,129411499.0,138937918.0,61186187.0,3657.0,1575.0,659.0,663.0,688.0,696.0,951.0,946.0,629.0,0.0,313.0,1535.0,1614.0,1757.0,13.0,2622.0,2491.0,20.0,310.0,892.0,1664.0,1417.0,810.0
20251,A,골목상권,3110102,옥수역 6번,CS300010,반찬가게,16397258.0,3291.0,5593712.0,10803546.0,0.0,0.0,2179903.0,466142.0,2947667.0,2179904.0,8623642.0,0.0,164521.0,8047818.0,1233908.0,6951011.0,0.0,3921084.0,12476174.0,0.0,0.0,6032436.0,10104331.0,54840.0,205651.0,1645.0,1646.0,0.0,0.0,1097.0,274.0,274.0,824.0,822.0,0.0,137.0,411.0,685.0,2058.0,0.0,2469.0,822.0,0.0,0.0,959.0,2058.0,137.0,137.0
20251,A,골목상권,3110102,옥수역 6번,CS100008,분식전문점,203154130.0,16321.0,145201594.0,57952536.0,42191584.0,22222473.0,25576804.0,25062242.0,30148491.0,33666463.0,24286073.0,0.0,10532488.0,80846581.0,37754908.0,65748803.0,8271350.0,89415360.0,83532061.0,1535356.0,12577990.0,34848697.0,52657279.0,39240626.0,32087478.0,11363.0,4958.0,2471.0,2017.0,2132.0,2126.0,2617.0,2889.0,2069.0,0.0,666.0,5253.0,3568.0,5934.0,900.0,7404.0,7853.0,166.0,1191.0,3413.0,4685.0,3461.0,2342.0
20251,D,발달상권,3120052,성수역,CS300020,서적,167948663.0,279.0,97454747.0,70493916.0,16077560.0,0.0,0.0,36360019.0,45017168.0,45450025.0,25043891.0,0.0,18180010.0,52437579.0,97331074.0,0.0,0.0,61094727.0,106853936.0,0.0,0.0,79583920.0,72287183.0,16077560.0,0.0,186.0,93.0,31.0,0.0,0.0,31.0,124.0,62.0,31.0,0.0,31.0,124.0,124.0,0.0,0.0,93.0,186.0,0.0,0.0,93.0,155.0,31.0,0.0
20251,R,전통시장,3130064,금남시장,CS300027,섬유제품,8333645.0,146.0,5678678.0,2654967.0,442494.0,4646192.0,383495.0,0.0,206497.0,2477969.0,176998.0,0.0,0.0,5516430.0,2433720.0,383495.0,0.0,501494.0,7832151.0,0.0,0.0,294996.0,176998.0,530993.0,7330658.0,87.0,59.0,14.0,29.0,29.0,0.0,15.0,44.0,15.0,0.0,0.0,57.0,59.0,30.0,0.0,29.0,117.0,0.0,0.0,14.0,14.0,29.0,89.0
20251,A,골목상권,3110113,응봉산,CS200031,세탁소,32090137.0,1709.0,25070161.0,7019976.0,5145107.0,4843136.0,7806427.0,3688351.0,3587140.0,7019976.0,0.0,0.0,7031591.0,7413202.0,8048666.0,9596678.0,0.0,10356581.0,21733556.0,0.0,1239405.0,633806.0,2830555.0,17059656.0,10326715.0,1394.0,315.0,315.0,266.0,332.0,216.0,265.0,315.0,0.0,0.0,348.0,515.0,415.0,431.0,0.0,597.0,1112.0,0.0,99.0,50.0,183.0,697.0,680.0
20251,R,전통시장,3130066,행당시장상점가,CS300008,수산물판매,12218670.0,489.0,10109626.0,2109044.0,2014000.0,1937987.0,1494314.0,3703442.0,959883.0,2109044.0,0.0,0.0,155490.0,3342589.0,6016242.0,2704349.0,0.0,3576225.0,6352788.0,0.0,548143.0,153453.0,1254858.0,1933756.0,6038803.0,397.0,92.0,105.0,95.0,56.0,78.0,63.0,92.0,0.0,0.0,15.0,158.0,241.0,75.0,0.0,154.0,329.0,0.0,16.0,13.0,50.0,117.0,287.0
20251,A,골목상권,3110104,신금호역 4번,CS300001,슈퍼마켓,11797150.0,4534.0,11797150.0,0.0,2956505.0,3049904.0,1599671.0,2477622.0,1713448.0,0.0,0.0,0.0,3010846.0,7210407.0,1575897.0,0.0,0.0,6655108.0,5142042.0,5705833.0,0.0,305670.0,3639167.0,2146480.0,0.0,4534.0,0.0,1036.0,1223.0,713.0,849.0,713.0,0.0,0.0,0.0,1206.0,2751.0,577.0,0.0,0.0,2853.0,1681.0,2615.0,0.0,17.0,1189.0,713.0,0.0
20251,A,골목상권,3110102,옥수역 6번,CS200005,스포츠 강습,263730180.0,562.0,210810282.0,52919898.0,49020831.0,23428828.0,44455093.0,62831502.0,31074028.0,52919898.0,0.0,0.0,14193322.0,65968823.0,42754992.0,129926079.0,10886964.0,55163643.0,202651756.0,0.0,3344923.0,99963397.0,109751683.0,16412209.0,28343187.0,422.0,140.0,85.0,78.0,96.0,94.0,69.0,140.0,0.0,0.0,18.0,87.0,124.0,309.0,24.0,203.0,344.0,0.0,9.0,153.0,319.0,33.0,33.0
20251,D,발달상권,3120049,왕십리역(왕십리),CS200024,스포츠클럽,168021174.0,170.0,167339618.0,681556.0,3230576.0,4444444.0,36733796.0,68155649.0,54775153.0,681556.0,0.0,0.0,35622685.0,0.0,3753452.0,127533926.0,1111111.0,9803922.0,158217252.0,0.0,88007498.0,75242434.0,3594771.0,0.0,1176471.0,149.0,21.0,32.0,13.0,27.0,21.0,56.0,21.0,0.0,0.0,20.0,0.0,27.0,116.0,7.0,33.0,137.0,0.0,88.0,54.0,21.0,0.0,7.0
20251,A,골목상권,3110128,성원중학교,CS300017,시계및귀금속,35463148.0,82.0,28800995.0,6662153.0,176000.0,5763005.0,155450.0,11000000.0,11706540.0,6662153.0,0.0,0.0,5763005.0,13376168.0,16323975.0,0.0,0.0,9661822.0,25801326.0,0.0,0.0,2552168.0,9464789.0,6662153.0,16784038.0,76.0,6.0,22.0,11.0,6.0,10.0,27.0,6.0,0.0,0.0,11.0,22.0,49.0,0.0,0.0,43.0,39.0,0.0,0.0,34.0,10.0,6.0,32.0
20251,A,골목상권,3110110,상왕십리역 6번,CS300014,신발,25758632.0,150.0,19564549.0,6194083.0,1971302.0,4609493.0,1742296.0,6814835.0,4426623.0,2170110.0,4023973.0,0.0,0.0,4669890.0,15880310.0,5208432.0,0.0,4064238.0,20037661.0,0.0,1067020.0,503311.0,1950331.0,4587682.0,15993555.0,104.0,46.0,12.0,25.0,8.0,39.0,20.0,12.0,34.0,0.0,0.0,29.0,83.0,38.0,0.0,25.0,118.0,0.0,8.0,4.0,12.0,25.0,93.0
20251,A,골목상권,3110128,성원중학교,CS300016,안경,120713464.0,1149.0,91556319.0,29157145.0,18257923.0,19670525.0,20335952.0,14503177.0,18788742.0,12458203.0,16698942.0,0.0,8354973.0,39293063.0,26765361.0,46158913.0,141154.0,67222522.0,51611018.0,867657.0,17746680.0,14258480.0,29453842.0,26759524.0,29747356.0,890.0,259.0,213.0,184.0,171.0,147.0,175.0,123.0,136.0,0.0,92.0,330.0,317.0,404.0,6.0,533.0,602.0,14.0,160.0,197.0,247.0,271.0,245.0
20251,A,골목상권,3110118,왕십리역 9번,CS300029,애완동물,5045263.0,298.0,3188415.0,1856848.0,824163.0,729830.0,603227.0,423003.0,608192.0,988001.0,868847.0,0.0,669260.0,2040546.0,1341995.0,993462.0,0.0,1238725.0,3806538.0,9930.0,975092.0,1094745.0,262143.0,1829541.0,873812.0,198.0,100.0,54.0,54.0,30.0,30.0,30.0,55.0,45.0,0.0,35.0,98.0,80.0,85.0,0.0,75.0,223.0,5.0,83.0,65.0,20.0,80.0,45.0
20251,A,골목상권,3110128,성원중학교,CS100004,양식음식점,64765864.0,181.0,48680648.0,16085216.0,0.0,10350084.0,13082556.0,9513816.0,15734192.0,16085216.0,0.0,0.0,0.0,0.0,0.0,23978122.0,40787742.0,38712562.0,15068275.0,0.0,9900977.0,31757462.0,4377491.0,4534059.0,3210849.0,139.0,42.0,0.0,30.0,48.0,20.0,41.0,42.0,0.0,0.0,0.0,0.0,0.0,67.0,114.0,113.0,36.0,0.0,30.0,89.0,5.0,15.0,10.0
20251,A,골목상권,3110105,금동어린이공원,CS200034,여관,8825160.0,219.0,5893058.0,2932102.0,509780.0,1708681.0,2068019.0,942320.0,664258.0,1372517.0,1559585.0,1421203.0,0.0,1810786.0,1089075.0,2255388.0,2248708.0,7766981.0,1058179.0,0.0,1959885.0,1071284.0,834184.0,733773.0,4226034.0,144.0,75.0,16.0,45.0,45.0,23.0,15.0,45.0,30.0,37.0,0.0,52.0,24.0,54.0,52.0,195.0,24.0,0.0,45.0,38.0,23.0,16.0,97.0
20251,A,골목상권,3110102,옥수역 6번,CS200003,예술학원,79332985.0,442.0,69857175.0,9475810.0,3876468.0,25762357.0,26166156.0,9906528.0,4145666.0,9475810.0,0.0,0.0,9691168.0,20082256.0,26435355.0,16905706.0,6218500.0,22828086.0,56504899.0,0.0,0.0,6030060.0,55858821.0,17444104.0,0.0,377.0,65.0,22.0,139.0,139.0,44.0,33.0,65.0,0.0,0.0,65.0,118.0,151.0,75.0,33.0,118.0,324.0,0.0,0.0,44.0,312.0,86.0,0.0
20251,R,전통시장,3130070,뚝섬역상점가,CS200002,외국어학원,254305403.0,619.0,254305403.0,0.0,78999487.0,24601321.0,43009302.0,49546716.0,58148577.0,0.0,0.0,0.0,0.0,0.0,48514493.0,205790910.0,0.0,142137142.0,112168261.0,0.0,0.0,9634084.0,227949303.0,16722016.0,0.0,619.0,0.0,206.0,69.0,120.0,86.0,138.0,0.0,0.0,0.0,0.0,0.0,103.0,516.0,0.0,344.0,275.0,0.0,0.0,17.0,534.0,68.0,0.0
20251,A,골목상권,3110127,성수1가1동주민센터,CS300024,운동/경기용품,59303184.0,701.0,23336315.0,35966869.0,8190892.0,6954531.0,8190892.0,0.0,0.0,35966869.0,0.0,0.0,0.0,1404956.0,50943697.0,6954531.0,0.0,51112292.0,8190892.0,0.0,1404956.0,42752805.0,6954531.0,8190892.0,0.0,421.0,280.0,141.0,140.0,140.0,0.0,0.0,280.0,0.0,0.0,0.0,140.0,421.0,140.0,0.0,561.0,140.0,0.0,140.0,281.0,140.0,140.0,0.0
20251,A,골목상권,3110102,옥수역 6번,CS300007,육류판매,57559820.0,920.0,44887281.0,12672539.0,3723628.0,10003999.0,15730874.0,8648109.0,6780671.0,6449546.0,6222993.0,0.0,1762332.0,24575971.0,19020930.0,12200587.0,0.0,25047087.0,29429166.0,0.0,1485772.0,2600292.0,9992447.0,6843903.0,33553839.0,716.0,204.0,107.0,160.0,137.0,168.0,144.0,136.0,68.0,0.0,38.0,191.0,311.0,380.0,0.0,402.0,510.0,0.0,38.0,130.0,197.0,205.0,343.0
20251,D,발달상권,3120051,뚝섬역,CS300019,의료기기,2966845229.0,2637.0,2026121667.0,940723562.0,346582365.0,173291182.0,0.0,443793104.0,1062455016.0,940723562.0,0.0,0.0,443793104.0,422830485.0,2100221640.0,0.0,0.0,1980638333.0,986206896.0,0.0,0.0,0.0,0.0,0.0,2966845229.0,2142.0,495.0,495.0,495.0,0.0,328.0,824.0,495.0,0.0,0.0,328.0,990.0,1319.0,0.0,0.0,2308.0,329.0,0.0,0.0,0.0,0.0,0.0,2637.0
20252,D,발달상권,3120052,성수역,CS200019,PC방,247668236.0,39157.0,180760391.0,66907845.0,32299755.0,31353323.0,32824592.0,32220145.0,52062576.0,33906583.0,33001262.0,23998879.0,12330792.0,57314434.0,35258251.0,77686254.0,41079626.0,208383097.0,39285139.0,3300659.0,114200927.0,104577835.0,16686894.0,4576334.0,4325587.0,27567.0,11590.0,5434.0,4556.0,5530.0,5778.0,6269.0,6205.0,5385.0,3515.0,1804.0,6731.0,7193.0,13362.0,6552.0,31523.0,7634.0,819.0,20778.0,14096.0,1817.0,965.0,682.0
20252,A,골목상권,3110128,성원중학교,CS300031,가구,5726.0,57.0,5726.0,0.0,0.0,0.0,0.0,5726.0,0.0,0.0,0.0,0.0,0.0,0.0,0.0,5726.0,0.0,5726.0,0.0,0.0,0.0,5726.0,0.0,0.0,0.0,57.0,0.0,0.0,0.0,0.0,57.0,0.0,0.0,0.0,0.0,0.0,0.0,0.0,57.0,0.0,57.0,0.0,0.0,0.0,57.0,0.0,0.0,0.0
20252,A,골목상권,3110131,성수동카페거리,CS300015,가방,862732086.0,5162.0,862732086.0,0.0,418009114.0,97651997.0,234896680.0,112174295.0,0.0,0.0,0.0,0.0,140740791.0,46256209.0,659599199.0,16135887.0,0.0,575841993.0,286890093.0,0.0,0.0,16135887.0,237705519.0,278433693.0,330456987.0,5162.0,0.0,2717.0,815.0,1086.0,544.0,0.0,0.0,0.0,0.0,815.0,815.0,3260.0,272.0,0.0,2717.0,2445.0,0.0,0.0,272.0,1086.0,816.0,2988.0
20252,A,골목상권,3110137,성수초등학교,CS200032,가전제품수리,102244337.0,2007.0,90418996.0,11825341.0,22985657.0,11172408.0,27302268.0,13687288.0,15271375.0,11825341.0,0.0,0.0,17532457.0,33674410.0,41352299.0,9685171.0,0.0,62818271.0,39426066.0,0.0,483654.0,13138573.0,19124426.0,19613332.0,49884352.0,1765.0,242.0,434.0,254.0,399.0,363.0,315.0,242.0,0.0,0.0,399.0,641.0,749.0,218.0,0.0,1248.0,759.0,0.0,12.0,282.0,416.0,452.0,845.0
20252,A,골목상권,3110122,마장역 2번,CS200017,골프연습장,80480328.0,2281.0,53617714.0,26862614.0,8731501.0,9821978.0,8094110.0,11043006.0,15927119.0,18238625.0,8623989.0,6796288.0,4346552.0,8216980.0,13469704.0,29849908.0,17800896.0,69168541.0,4415667.0,414689.0,3117845.0,12417622.0,23299362.0,26877971.0,7456717.0,1552.0,729.0,308.0,308.0,238.0,322.0,376.0,492.0,237.0,214.0,222.0,353.0,346.0,715.0,431.0,1966.0,146.0,8.0,62.0,284.0,744.0,714.0,299.0
20252,A,골목상권,3110110,상왕십리역 6번,CS200029,네일숍,34967896.0,800.0,30315490.0,4652406.0,7674583.0,5378588.0,1598945.0,3588153.0,12075221.0,4652406.0,0.0,0.0,0.0,5791099.0,17710161.0,11466636.0,0.0,2131207.0,31534015.0,0.0,23789305.0,2835272.0,2252037.0,2626654.0,2161955.0,676.0,124.0,190.0,136.0,16.0,74.0,260.0,124.0,0.0,0.0,0.0,128.0,434.0,238.0,0.0,66.0,672.0,0.0,558.0,74.0,8.0,78.0,20.0
20252,A,골목상권,3110122,마장역 2번,CS200037,노래방,191399632.0,1310.0,114685369.0,76714263.0,35094000.0,14246731.0,30460681.0,14622146.0,20261811.0,36354884.0,40359379.0,37486196.0,0.0,0.0,9499606.0,24162552.0,120251278.0,178012009.0,7293663.0,0.0,442108.0,3322385.0,17465155.0,153720057.0,10355967.0,760.0,550.0,216.0,76.0,137.0,168.0,163.0,333.0,217.0,228.0,0.0,0.0,30.0,228.0,824.0,1057.0,186.0,0.0,15.0,72.0,121.0,915.0,118.0
20252,A,골목상권,3110122,마장역 2번,CS200016,당구장,36664174.0,2272.0,25480955.0,11183219.0,3798278.0,4671961.0,4710993.0,3856602.0,8443121.0,4369960.0,6813259.0,3092154.0,0.0,1594862.0,6135773.0,11275039.0,14566346.0,31210160.0,357190.0,0.0,586466.0,1355121.0,4244886.0,12265564.0,13115314.0,1624.0,648.0,253.0,317.0,227.0,290.0,537.0,331.0,317.0,137.0,0.0,96.0,365.0,841.0,833.0,2011.0,34.0,0.0,55.0,102.0,317.0,717.0,855.0
20252,A,골목상권,3110128,성원중학교,CS300021,문구,207309537.0,7368.0,201322684.0,5986853.0,43095595.0,36112170.0,18393810.0,46350260.0,57370849.0,2957328.0,3029525.0,424856.0,2320144.0,35369640.0,145829299.0,19200347.0,4165251.0,10749864.0,15356696.0,167723.0,3369448.0,6638713.0,9934499.0,2952115.0,3044063.0,5924.0,1444.0,1421.0,694.0,1281.0,1303.0,1225.0,833.0,611.0,222.0,312.0,679.0,2233.0,2588.0,1334.0,3160.0,3901.0,86.0,1572.0,1376.0,3111.0,455.0,462.0
20252,R,전통시장,3130067,왕십리도선동상점가,CS300006,미곡판매,1064779928.0,23232.0,891485009.0,173294919.0,261483304.0,73016190.0,299650858.0,95537417.0,161797240.0,150536626.0,22758293.0,0.0,58318126.0,331299109.0,462751958.0,212410735.0,0.0,192212751.0,872567177.0,0.0,19352451.0,35065946.0,25030171.0,284609049.0,700722311.0,18255.0,4977.0,4743.0,3319.0,3082.0,3555.0,3556.0,4503.0,474.0,0.0,2608.0,7587.0,4741.0,8296.0,0.0,6921.0,16311.0,0.0,1200.0,1667.0,1200.0,8382.0,10783.0
20252,A,골목상권,3110102,옥수역 6번,CS200028,미용실,431494809.0,5228.0,278867267.0,152627542.0,46454825.0,59653281.0,49041401.0,71999835.0,51717925.0,104461155.0,48166387.0,0.0,10653702.0,116565393.0,138720732.0,161142817.0,4412165.0,165272229.0,257114871.0,760121.0,26168025.0,70743404.0,163998940.0,92962389.0,67754219.0,3700.0,1528.0,649.0,741.0,736.0,739.0,835.0,974.0,554.0,0.0,247.0,1516.0,1669.0,1777.0,19.0,2555.0,2617.0,54.0,392.0,1030.0,1545.0,1321.0,831.0
20252,A,골목상권,3110105,금동어린이공원,CS300010,반찬가게,9398940.0,412.0,9398940.0,0.0,1920008.0,2078013.0,1608784.0,1479507.0,2312628.0,0.0,0.0,0.0,325587.0,1675817.0,3270239.0,4127297.0,0.0,2839313.0,6559627.0,0.0,253767.0,411772.0,1067736.0,4400217.0,3265448.0,412.0,0.0,81.0,91.0,72.0,67.0,101.0,0.0,0.0,0.0,20.0,82.0,139.0,171.0,0.0,134.0,278.0,0.0,10.0,15.0,53.0,182.0,152.0
20252,A,골목상권,3110102,옥수역 6번,CS100008,분식전문점,228909146.0,21218.0,157772715.0,71136431.0,27345604.0,33217991.0,30876918.0,33723560.0,32608642.0,39045727.0,32090704.0,0.0,10283348.0,92601975.0,42718554.0,72357315.0,10947954.0,99530719.0,105541159.0,686687.0,13542303.0,41553400.0,63784174.0,41150722.0,44354591.0,15032.0,6186.0,2708.0,2728.0,3216.0,3178.0,3202.0,3376.0,2810.0,0.0,920.0,7037.0,4586.0,7499.0,1176.0,9109.0,10993.0,107.0,1468.0,4216.0,6267.0,4127.0,3919.0
20252,D,발달상권,3120052,성수역,CS300020,서적,399280016.0,618.0,208884604.0,190395412.0,71421467.0,18365520.0,16695928.0,75131674.0,27270015.0,126765377.0,63630035.0,0.0,25043891.0,158673148.0,144883550.0,70679427.0,0.0,214882771.0,184397245.0,0.0,9275515.0,254705650.0,135298851.0,0.0,0.0,370.0,248.0,93.0,62.0,31.0,153.0,31.0,124.0,124.0,0.0,31.0,247.0,216.0,124.0,0.0,217.0,401.0,0.0,31.0,370.0,217.0,0.0,0.0
20252,R,전통시장,3130064,금남시장,CS300027,섬유제품,11844101.0,265.0,7743652.0,4100449.0,1445482.0,943988.0,516243.0,1622480.0,3215459.0,4100449.0,0.0,0.0,707991.0,1769978.0,5781926.0,3584206.0,0.0,2418970.0,9425131.0,0.0,0.0,412995.0,2551717.0,1814227.0,7065162.0,192.0,73.0,43.0,44.0,15.0,45.0,45.0,73.0,0.0,0.0,30.0,44.0,132.0,59.0,0.0,59.0,206.0,0.0,0.0,14.0,30.0,59.0,162.0
20252,A,골목상권,3110113,응봉산,CS200031,세탁소,32055294.0,2107.0,25277557.0,6777737.0,8670857.0,3081091.0,5490215.0,6049359.0,1986035.0,6777737.0,0.0,0.0,5695954.0,9553539.0,8863322.0,7180917.0,761562.0,15123397.0,16931897.0,0.0,1085102.0,2180158.0,5762321.0,11230967.0,11796746.0,1742.0,365.0,366.0,316.0,382.0,430.0,248.0,365.0,0.0,0.0,431.0,531.0,680.0,432.0,33.0,979.0,1128.0,0.0,83.0,232.0,183.0,747.0,862.0
20252,R,전통시장,3130066,행당시장상점가,CS300008,수산물판매,13513427.0,594.0,10557495.0,2955932.0,1898813.0,1983901.0,1454932.0,2590826.0,2629023.0,2725753.0,230179.0,0.0,1091710.0,4726539.0,4989345.0,2705833.0,0.0,3039216.0,8758033.0,0.0,255099.0,305265.0,2293593.0,2176536.0,6766756.0,491.0,103.0,87.0,115.0,60.0,107.0,122.0,97.0,6.0,0.0,43.0,160.0,248.0,143.0,0.0,139.0,406.0,0.0,11.0,17.0,84.0,102.0,329.0
20252,A,골목상권,3110104,신금호역 4번,CS300001,슈퍼마켓,34618786.0,12974.0,34544067.0,74719.0,6222075.0,6695864.0,6838509.0,6862284.0,7925335.0,74719.0,0.0,0.0,7806464.0,20658172.0,6154150.0,0.0,0.0,22631441.0,11987345.0,15843878.0,765873.0,2165159.0,10333331.0,5510545.0,0.0,12957.0,17.0,2479.0,2530.0,2462.0,2939.0,2547.0,17.0,0.0,0.0,2989.0,7999.0,1986.0,0.0,0.0,8338.0,4636.0,6928.0,306.0,221.0,3821.0,1698.0,0.0
20252,A,골목상권,3110102,옥수역 6번,CS200005,스포츠 강습,216836347.0,597.0,180432042.0,36404305.0,25549019.0,27626572.0,51063532.0,29746224.0,46446695.0,36404305.0,0.0,0.0,26752088.0,41650556.0,40041834.0,90344204.0,18047665.0,89709317.0,114018546.0,0.0,0.0,65998165.0,101046953.0,22767845.0,13914902.0,516.0,81.0,97.0,111.0,137.0,99.0,72.0,81.0,0.0,0.0,60.0,96.0,114.0,282.0,45.0,256.0,314.0,0.0,0.0,168.0,294.0,48.0,60.0
20252,D,발달상권,3120049,왕십리역(왕십리),CS200024,스포츠클럽,224753558.0,232.0,187540574.0,37212984.0,21446311.0,2222223.0,47704059.0,72301258.0,43866723.0,37212984.0,0.0,0.0,0.0,57977739.0,1111111.0,97443700.0,68221008.0,96530065.0,128223493.0,0.0,91692065.0,126133388.0,4509805.0,1241829.0,1176471.0,190.0,42.0,21.0,12.0,27.0,62.0,68.0,42.0,0.0,0.0,0.0,61.0,7.0,136.0,28.0,88.0,144.0,0.0,124.0,62.0,25.0,14.0,7.0
20252,A,골목상권,3110128,성원중학교,CS300017,시계및귀금속,24359896.0,109.0,24307314.0,52582.0,4932289.0,0.0,17214321.0,1651080.0,509624.0,52582.0,0.0,0.0,0.0,18865400.0,5494496.0,0.0,0.0,267746.0,23608150.0,0.0,110000.0,157746.0,52582.0,8727315.0,14828253.0,98.0,11.0,16.0,0.0,38.0,11.0,33.0,11.0,0.0,0.0,0.0,49.0,60.0,0.0,0.0,33.0,54.0,0.0,22.0,10.0,11.0,16.0,28.0
20252,A,골목상권,3110110,상왕십리역 6번,CS300014,신발,41146534.0,205.0,28267638.0,12878896.0,7195673.0,6567373.0,7209095.0,1631567.0,5663930.0,8320574.0,4558322.0,0.0,880795.0,13369625.0,18356599.0,8539515.0,0.0,14022252.0,25446579.0,0.0,809492.0,0.0,2530817.0,5457572.0,30670949.0,155.0,50.0,38.0,34.0,50.0,12.0,21.0,34.0,16.0,0.0,4.0,58.0,92.0,51.0,0.0,63.0,138.0,0.0,4.0,0.0,13.0,29.0,155.0
20252,A,골목상권,3110128,성원중학교,CS300016,안경,126826053.0,1155.0,79021456.0,47804597.0,16721000.0,8573754.0,11943763.0,15067107.0,26715832.0,34218215.0,13586382.0,0.0,15588903.0,30977528.0,47950465.0,32309157.0,0.0,95736095.0,31089958.0,1735314.0,3969530.0,19744774.0,34423123.0,32511402.0,34441910.0,810.0,345.0,178.0,125.0,98.0,214.0,195.0,216.0,129.0,0.0,72.0,306.0,487.0,290.0,0.0,691.0,464.0,28.0,76.0,294.0,251.0,233.0,273.0
20252,A,골목상권,3110118,왕십리역 9번,CS300029,애완동물,4214646.0,348.0,2997269.0,1217377.0,405130.0,1104675.0,767564.0,382292.0,337608.0,844022.0,373355.0,0.0,408109.0,1196525.0,603227.0,2006785.0,0.0,1796627.0,2418019.0,0.0,588308.0,788309.0,141497.0,2422505.0,274027.0,258.0,90.0,44.0,55.0,89.0,40.0,30.0,60.0,30.0,0.0,50.0,104.0,80.0,114.0,0.0,127.0,221.0,0.0,66.0,100.0,10.0,146.0,26.0
20252,A,골목상권,3110128,성원중학교,CS100004,양식음식점,98311333.0,217.0,70621635.0,27689698.0,14453980.0,16505931.0,14191744.0,6256509.0,19213471.0,27173484.0,516214.0,0.0,0.0,0.0,0.0,43037761.0,55273572.0,25058041.0,35143823.0,0.0,11666427.0,26529250.0,3752873.0,4991785.0,13261528.0,144.0,73.0,5.0,37.0,36.0,25.0,41.0,68.0,5.0,0.0,0.0,0.0,0.0,88.0,129.0,82.0,77.0,0.0,36.0,73.0,10.0,15.0,25.0
20252,A,골목상권,3110105,금동어린이공원,CS200034,여관,9131125.0,210.0,7605126.0,1525999.0,3092957.0,2139229.0,1044424.0,432541.0,895975.0,1371520.0,154479.0,2307809.0,0.0,386197.0,1050454.0,1739578.0,3647087.0,6038167.0,2552282.0,766362.0,710602.0,432541.0,386197.0,2585871.0,3708878.0,172.0,38.0,74.0,30.0,30.0,16.0,22.0,30.0,8.0,60.0,0.0,7.0,31.0,45.0,67.0,135.0,67.0,22.0,23.0,16.0,7.0,67.0,68.0
20252,A,골목상권,3110102,옥수역 6번,CS200003,예술학원,76883273.0,387.0,75160399.0,1722874.0,1507515.0,2638151.0,42910343.0,20782174.0,7322216.0,1722874.0,0.0,0.0,4737904.0,8991251.0,21805130.0,38118599.0,3230389.0,23204965.0,53678308.0,0.0,0.0,0.0,57285577.0,19597696.0,0.0,376.0,11.0,11.0,22.0,202.0,97.0,44.0,11.0,0.0,0.0,33.0,44.0,106.0,182.0,22.0,107.0,280.0,0.0,0.0,0.0,291.0,96.0,0.0
20252,R,전통시장,3130070,뚝섬역상점가,CS200002,외국어학원,254030144.0,603.0,254030144.0,0.0,58389429.0,39671781.0,77175892.0,31826884.0,46966158.0,0.0,0.0,0.0,0.0,34407.0,92659241.0,161336496.0,0.0,89631387.0,164364350.0,0.0,0.0,0.0,227433192.0,26562545.0,0.0,603.0,0.0,104.0,104.0,224.0,68.0,103.0,0.0,0.0,0.0,0.0,34.0,155.0,414.0,0.0,224.0,345.0,0.0,0.0,0.0,500.0,68.0,0.0
20252,A,골목상권,3110127,성수1가1동주민센터,CS300024,운동/경기용품,16999965.0,281.0,16999965.0,0.0,0.0,0.0,0.0,7727257.0,9272708.0,0.0,0.0,0.0,0.0,0.0,16999965.0,0.0,0.0,7727257.0,0.0,0.0,0.0,7727257.0,0.0,0.0,0.0,281.0,0.0,0.0,0.0,0.0,140.0,141.0,0.0,0.0,0.0,0.0,0.0,281.0,0.0,0.0,140.0,0.0,0.0,0.0,140.0,0.0,0.0,0.0
20252,A,골목상권,3110114,왕십리파출소,CS300007,육류판매,803282018.0,946.0,803282018.0,0.0,0.0,0.0,472518834.0,330763184.0,0.0,0.0,0.0,0.0,0.0,0.0,803282018.0,0.0,0.0,803282018.0,0.0,0.0,0.0,803282018.0,0.0,0.0,0.0,946.0,0.0,0.0,0.0,473.0,473.0,0.0,0.0,0.0,0.0,0.0,0.0,946.0,0.0,0.0,946.0,0.0,0.0,0.0,946.0,0.0,0.0,0.0
20252,D,발달상권,3120051,뚝섬역,CS300019,의료기기,599092374.0,990.0,599092374.0,0.0,0.0,0.0,29707060.0,0.0,569385314.0,0.0,0.0,0.0,0.0,569385314.0,29707060.0,0.0,0.0,29707060.0,569385314.0,0.0,0.0,0.0,0.0,0.0,599092374.0,990.0,0.0,0.0,0.0,495.0,0.0,495.0,0.0,0.0,0.0,0.0,495.0,495.0,0.0,0.0,495.0,495.0,0.0,0.0,0.0,0.0,0.0,990.0
20252,A,골목상권,3110118,왕십리역 9번,CS300018,의약품,1422068324.0,84042.0,1231291518.0,190776806.0,270934534.0,221665517.0,235135294.0,256823312.0,246732861.0,180522558.0,10254248.0,602011.0,416322435.0,364194736.0,461142884.0,179806258.0,0.0,741588637.0,653804872.0,4197090.0,65029789.0,125018855.0,172015732.0,322065015.0,707067029.0,72429.0,11613.0,17378.0,13021.0,14138.0,14010.0,13882.0,10969.0,644.0,143.0,22612.0,22966.0,26230.0,12091.0,0.0,43441.0,40286.0,766.0,8148.0,11407.0,12640.0,18454.0,32310.0
20253,D,발달상권,3120052,성수역,CS200019,PC방,225402407.0,39146.0,146106313.0,79296094.0,26610503.0,26770846.0,26419539.0,26487886.0,39817539.0,44372706.0,34923388.0,19169162.0,14111010.0,35132217.0,45720362.0,73873228.0,37396428.0,192751610.0,32650797.0,4358843.0,113534829.0,77764384.0,20565256.0,8254699.0,924396.0,26115.0,13031.0,4482.0,4808.0,4697.0,5007.0,7121.0,7299.0,5732.0,2750.0,2124.0,6242.0,8600.0,13427.0,6003.0,31345.0,7801.0,1214.0,21405.0,12277.0,2466.0,1539.0,245.0
20253,A,골목상권,3110120,서울숲카페거리,CS300015,가방,544568779.0,5083.0,367461846.0,177106933.0,146720834.0,81810231.0,23065208.0,53783630.0,62081943.0,84564607.0,92542326.0,0.0,0.0,268886869.0,168951324.0,106730586.0,0.0,95006279.0,449562500.0,0.0,90523062.0,122933486.0,152359818.0,152640282.0,26112131.0,3064.0,2019.0,782.0,913.0,326.0,456.0,587.0,782.0,1237.0,0.0,0.0,1955.0,1563.0,1565.0,0.0,852.0,4231.0,0.0,923.0,995.0,1514.0,1386.0,265.0
20253,A,골목상권,3110117,성동구보건소,CS300032,가전제품,15435676.0,510.0,15435676.0,0.0,0.0,12246487.0,0.0,3189189.0,0.0,0.0,0.0,0.0,3189189.0,3189189.0,9057298.0,0.0,0.0,9057298.0,0.0,0.0,0.0,0.0,0.0,127568.0,8929730.0,510.0,0.0,0.0,382.0,0.0,128.0,0.0,0.0,0.0,0.0,127.0,127.0,256.0,0.0,0.0,256.0,0.0,0.0,0.0,0.0,0.0,128.0,128.0
20253,A,골목상권,3110137,성수초등학교,CS200032,가전제품수리,51170594.0,774.0,47047444.0,4123150.0,9382888.0,9274066.0,7919834.0,6855796.0,13614860.0,4123150.0,0.0,0.0,10144643.0,22671281.0,14122697.0,2720554.0,1511419.0,20954310.0,30216284.0,0.0,822212.0,5791757.0,19418708.0,11668153.0,13469764.0,689.0,85.0,169.0,133.0,133.0,145.0,109.0,85.0,0.0,0.0,193.0,279.0,242.0,48.0,12.0,399.0,375.0,0.0,12.0,121.0,169.0,193.0,279.0
20253,A,골목상권,3110122,마장역 2번,CS200017,골프연습장,87345729.0,2557.0,50384679.0,36961050.0,11872384.0,8969564.0,8286095.0,10167553.0,11089083.0,24670137.0,12290913.0,7583428.0,6926837.0,12317790.0,14790564.0,32725852.0,13001258.0,66841676.0,10144515.0,153588.0,4062413.0,11050686.0,14556342.0,39399267.0,7763895.0,1574.0,983.0,384.0,292.0,277.0,284.0,337.0,614.0,369.0,199.0,245.0,492.0,453.0,815.0,353.0,1950.0,307.0,8.0,77.0,284.0,468.0,1136.0,284.0
20253,A,골목상권,3110110,상왕십리역 6번,CS200029,네일숍,75511163.0,1012.0,66810867.0,8700296.0,33279809.0,517967.0,585530.0,1576425.0,30851136.0,8700296.0,0.0,0.0,0.0,10728329.0,7513191.0,56526471.0,743172.0,1576425.0,49121904.0,0.0,35066873.0,8770934.0,2669686.0,2817094.0,1373742.0,872.0,140.0,376.0,12.0,8.0,13.0,463.0,140.0,0.0,0.0,0.0,211.0,210.0,587.0,4.0,12.0,876.0,0.0,628.0,194.0,16.0,29.0,21.0
20253,A,골목상권,3110122,마장역 2번,CS200037,노래방,188425530.0,1290.0,132882997.0,55542533.0,20273927.0,15261043.0,32722719.0,44432496.0,20192812.0,27405194.0,28137339.0,75728261.0,0.0,0.0,0.0,31997904.0,80699365.0,153870919.0,23651367.0,0.0,423063.0,14058019.0,18099449.0,123957791.0,20983965.0,875.0,415.0,126.0,117.0,185.0,300.0,147.0,283.0,132.0,420.0,0.0,0.0,0.0,342.0,528.0,945.0,283.0,0.0,7.0,168.0,153.0,756.0,144.0
20253,A,골목상권,3110122,마장역 2번,CS200016,당구장,36040319.0,2265.0,24804360.0,11235959.0,2645884.0,4136739.0,6030688.0,3627187.0,8363862.0,5030530.0,6205429.0,0.0,0.0,1862412.0,7634031.0,12049665.0,14494211.0,29792876.0,865516.0,219670.0,722380.0,2400134.0,2537229.0,11250161.0,13528814.0,1508.0,757.0,227.0,283.0,282.0,274.0,442.0,345.0,412.0,0.0,0.0,111.0,447.0,916.0,791.0,2038.0,61.0,27.0,69.0,165.0,221.0,716.0,901.0
20253,A,골목상권,3110128,성원중학교,CS300021,문구,236853369.0,6907.0,233021340.0,3832029.0,23153055.0,40469322.0,118264212.0,24024530.0,27110221.0,1224583.0,2607446.0,683101.0,46371579.0,12846422.0,163367996.0,8174998.0,5409273.0,15688615.0,9004833.0,60801.0,4711688.0,3578837.0,9876870.0,3039816.0,3425436.0,5907.0,1000.0,1068.0,1273.0,1137.0,1387.0,1042.0,472.0,528.0,222.0,373.0,595.0,2190.0,2194.0,1333.0,3432.0,2732.0,29.0,1636.0,873.0,2727.0,393.0,506.0
20253,R,전통시장,3130067,왕십리도선동상점가,CS300006,미곡판매,1034317004.0,33189.0,812897779.0,221419225.0,153855544.0,110946679.0,311741200.0,149351298.0,87003058.0,210751275.0,10667950.0,0.0,71119666.0,495467002.0,156226199.0,311504137.0,0.0,242749469.0,791567535.0,0.0,0.0,57504425.0,30893945.0,337273829.0,608644805.0,25840.0,7349.0,7112.0,4029.0,4029.0,5928.0,4742.0,6638.0,711.0,0.0,3318.0,10905.0,5690.0,13276.0,0.0,10743.0,22446.0,0.0,0.0,2404.0,2139.0,14363.0,14283.0
20253,A,골목상권,3110102,옥수역 6번,CS200028,미용실,417975536.0,5026.0,296774678.0,121200858.0,48539569.0,69244516.0,40037651.0,43061009.0,95891933.0,78101683.0,43099175.0,0.0,13402866.0,116197935.0,150095253.0,137249495.0,1029987.0,169785673.0,236675367.0,1088409.0,14899904.0,90554918.0,125942865.0,110193670.0,63781275.0,3493.0,1533.0,524.0,841.0,652.0,570.0,906.0,1037.0,496.0,0.0,286.0,1394.0,1772.0,1569.0,5.0,2428.0,2571.0,51.0,275.0,1058.0,1437.0,1305.0,874.0
20253,A,골목상권,3110105,금동어린이공원,CS300010,반찬가게,11280644.0,469.0,11280644.0,0.0,2834526.0,2202503.0,1805094.0,1517812.0,2920709.0,0.0,0.0,0.0,670327.0,2374873.0,3452183.0,4783261.0,0.0,3311234.0,6619180.0,0.0,57457.0,0.0,1753999.0,4637908.0,3481052.0,469.0,0.0,116.0,90.0,67.0,67.0,129.0,0.0,0.0,0.0,33.0,105.0,148.0,183.0,0.0,159.0,296.0,0.0,5.0,0.0,86.0,189.0,175.0
20253,A,골목상권,3110102,옥수역 6번,CS100008,분식전문점,232646237.0,19596.0,164572873.0,68073364.0,32306560.0,37533256.0,28182587.0,32593884.0,33956586.0,40515231.0,27558133.0,0.0,9958543.0,97880965.0,38679689.0,74253342.0,11873698.0,106971316.0,108727967.0,851943.0,13939940.0,41772341.0,67570290.0,54214887.0,37349884.0,14031.0,5565.0,2900.0,3056.0,2469.0,2761.0,2845.0,3275.0,2290.0,0.0,789.0,6924.0,3851.0,6759.0,1273.0,8705.0,9910.0,108.0,1437.0,3897.0,5737.0,4263.0,3178.0
20253,D,발달상권,3120052,성수역,CS300020,서적,604176148.0,650.0,430383910.0,173792238.0,16695928.0,9090005.0,25600422.0,203133785.0,175863770.0,99990055.0,73802183.0,0.0,1082143.0,368423468.0,134680482.0,99990055.0,0.0,220726345.0,383449803.0,0.0,157683760.0,366166425.0,63630035.0,16695928.0,0.0,464.0,186.0,31.0,31.0,31.0,185.0,186.0,93.0,93.0,0.0,31.0,371.0,155.0,93.0,0.0,217.0,433.0,0.0,93.0,464.0,62.0,31.0,0.0
20253,R,전통시장,3130064,금남시장,CS300027,섬유제품,9144883.0,220.0,7891149.0,1253734.0,1283233.0,2300971.0,604742.0,3377707.0,324496.0,1253734.0,0.0,0.0,1253734.0,2020724.0,5486930.0,383495.0,0.0,3643203.0,5501680.0,0.0,0.0,0.0,0.0,3185959.0,5958924.0,190.0,30.0,28.0,59.0,29.0,59.0,15.0,30.0,0.0,0.0,43.0,60.0,102.0,15.0,0.0,59.0,161.0,0.0,0.0,0.0,0.0,59.0,161.0
20253,A,골목상권,3110113,응봉산,CS200031,세탁소,17069610.0,1328.0,13802692.0,3266918.0,1718907.0,2432353.0,3512477.0,2010922.0,4128033.0,3266918.0,0.0,0.0,1085102.0,4517938.0,6090837.0,5375733.0,0.0,6399444.0,10670166.0,0.0,0.0,2286345.0,2443968.0,4433320.0,7905977.0,1146.0,182.0,182.0,248.0,367.0,183.0,166.0,182.0,0.0,0.0,149.0,250.0,547.0,382.0,0.0,515.0,813.0,0.0,0.0,216.0,133.0,398.0,581.0
20253,R,전통시장,3130066,행당시장상점가,CS300008,수산물판매,14603580.0,576.0,12036462.0,2567118.0,1116326.0,2735187.0,3036279.0,1906106.0,3242564.0,2285788.0,281330.0,0.0,865146.0,4805401.0,6117248.0,2815785.0,0.0,3735285.0,9261631.0,0.0,331364.0,479540.0,3482635.0,2397663.0,6305715.0,471.0,105.0,63.0,120.0,103.0,86.0,99.0,99.0,6.0,0.0,41.0,161.0,226.0,148.0,0.0,133.0,431.0,0.0,21.0,32.0,99.0,127.0,284.0
20253,A,골목상권,3110104,신금호역 4번,CS300001,슈퍼마켓,28817856.0,10104.0,28817856.0,0.0,5035058.0,6369816.0,4916186.0,7297015.0,5199781.0,0.0,0.0,0.0,8259873.0,16001808.0,4556175.0,0.0,0.0,17895260.0,10922596.0,12483209.0,2538756.0,1387400.0,6913229.0,5427335.0,67927.0,10104.0,0.0,1936.0,2327.0,1817.0,2326.0,1698.0,0.0,0.0,0.0,2700.0,5858.0,1546.0,0.0,0.0,6521.0,3583.0,5044.0,493.0,221.0,2784.0,1545.0,17.0
20253,A,골목상권,3110102,옥수역 6번,CS200005,스포츠 강습,198891355.0,596.0,175454959.0,23436396.0,47571984.0,54239180.0,15862926.0,47653293.0,10127576.0,23436396.0,0.0,0.0,26379690.0,41108136.0,48008278.0,69290773.0,14104478.0,99307577.0,85119245.0,0.0,5614047.0,46626942.0,84419313.0,44331194.0,3435326.0,486.0,110.0,103.0,133.0,75.0,94.0,81.0,110.0,0.0,0.0,54.0,124.0,161.0,212.0,45.0,278.0,309.0,0.0,9.0,160.0,266.0,143.0,9.0
20253,D,발달상권,3120049,왕십리역(왕십리),CS200024,스포츠클럽,230764358.0,237.0,230764358.0,0.0,17913748.0,88597449.0,91889542.0,30925711.0,1437908.0,0.0,0.0,0.0,21446311.0,0.0,4738562.0,134500451.0,70079034.0,8921569.0,221842789.0,0.0,30734350.0,119883687.0,1764707.0,27492063.0,50889551.0,237.0,0.0,53.0,47.0,56.0,67.0,14.0,0.0,0.0,0.0,21.0,0.0,21.0,139.0,56.0,51.0,186.0,0.0,41.0,109.0,14.0,52.0,21.0
20253,A,골목상권,3110128,성원중학교,CS300017,시계및귀금속,11609953.0,88.0,11609953.0,0.0,176000.0,0.0,157746.0,10671882.0,604325.0,0.0,0.0,0.0,199865.0,559910.0,333746.0,10516432.0,0.0,1093521.0,10516432.0,0.0,0.0,110000.0,199865.0,176000.0,11124088.0,88.0,0.0,22.0,0.0,11.0,16.0,39.0,0.0,0.0,0.0,6.0,38.0,33.0,11.0,0.0,77.0,11.0,0.0,0.0,22.0,6.0,22.0,38.0
20253,A,골목상권,3110110,상왕십리역 6번,CS300014,신발,39530905.0,231.0,23862406.0,15668499.0,5539780.0,4907285.0,2754790.0,3680463.0,6980088.0,10449161.0,5219338.0,0.0,1580397.0,13828057.0,13368786.0,10753665.0,0.0,12132318.0,26046358.0,0.0,1706226.0,0.0,2948566.0,9208079.0,24315805.0,147.0,84.0,25.0,30.0,33.0,21.0,38.0,50.0,34.0,0.0,8.0,92.0,76.0,55.0,0.0,59.0,164.0,0.0,8.0,0.0,12.0,46.0,157.0
20253,A,골목상권,3110128,성원중학교,CS300016,안경,115539799.0,1294.0,76668438.0,38871361.0,15236674.0,18442606.0,19941616.0,12913580.0,10133962.0,16707816.0,22163545.0,0.0,9303523.0,33128425.0,32845572.0,38529831.0,1732448.0,61010006.0,54067042.0,4569660.0,10200126.0,14785683.0,15666998.0,18110761.0,51743820.0,977.0,317.0,216.0,239.0,200.0,151.0,171.0,130.0,187.0,0.0,84.0,395.0,270.0,514.0,31.0,633.0,647.0,43.0,122.0,243.0,153.0,246.0,471.0
20253,A,골목상권,3110118,왕십리역 9번,CS300029,애완동물,4328341.0,293.0,2486883.0,1841458.0,616632.0,114191.0,364915.0,583367.0,807778.0,1143900.0,697558.0,0.0,1297807.0,466694.0,1394622.0,1169218.0,0.0,1714357.0,2613984.0,14895.0,450807.0,748697.0,1018782.0,809268.0,1285892.0,165.0,128.0,25.0,10.0,30.0,40.0,60.0,74.0,54.0,0.0,75.0,30.0,74.0,114.0,0.0,85.0,208.0,10.0,40.0,69.0,60.0,49.0,65.0
20253,A,골목상권,3110128,성원중학교,CS100004,양식음식점,129829737.0,263.0,106780799.0,23048938.0,0.0,33749995.0,18599177.0,26972160.0,27459467.0,22253969.0,794969.0,0.0,0.0,0.0,794969.0,46665711.0,82369057.0,39378478.0,21151336.0,0.0,7812377.0,22744372.0,4356843.0,19173877.0,6442346.0,196.0,67.0,0.0,66.0,41.0,47.0,42.0,57.0,10.0,0.0,0.0,0.0,10.0,77.0,176.0,98.0,61.0,0.0,31.0,67.0,10.0,41.0,10.0
20253,A,골목상권,3110105,금동어린이공원,CS200034,여관,5143141.0,146.0,3321290.0,1821851.0,308958.0,710601.0,556124.0,818736.0,926871.0,1512894.0,308957.0,664259.0,556124.0,308957.0,0.0,3335739.0,278062.0,4486607.0,656534.0,0.0,0.0,895976.0,2269839.0,1591129.0,386197.0,92.0,54.0,16.0,23.0,16.0,14.0,23.0,46.0,8.0,16.0,16.0,8.0,0.0,98.0,8.0,130.0,16.0,0.0,0.0,39.0,61.0,38.0,8.0
20253,A,골목상권,3110102,옥수역 6번,CS200003,예술학원,108266508.0,560.0,100099006.0,8167502.0,26715323.0,25896957.0,28400508.0,13002318.0,6083900.0,8167502.0,0.0,0.0,9475810.0,10283407.0,42328871.0,43163390.0,3015030.0,38021685.0,70244823.0,0.0,0.0,7575263.0,79462202.0,21229043.0,0.0,506.0,54.0,120.0,150.0,138.0,65.0,33.0,54.0,0.0,0.0,44.0,54.0,226.0,214.0,22.0,172.0,388.0,0.0,0.0,55.0,407.0,98.0,0.0
20253,R,전통시장,3130070,뚝섬역상점가,CS200002,외국어학원,288884883.0,723.0,288884883.0,0.0,80238155.0,65976270.0,54226129.0,22640097.0,65804232.0,0.0,0.0,0.0,0.0,32170958.0,121269030.0,135444895.0,0.0,108658701.0,170248024.0,0.0,8601860.0,28816233.0,178213345.0,60694728.0,2580558.0,723.0,0.0,188.0,190.0,155.0,69.0,121.0,0.0,0.0,0.0,0.0,34.0,309.0,380.0,0.0,276.0,430.0,0.0,17.0,68.0,448.0,155.0,17.0
20253,A,골목상권,3110127,성수1가1동주민센터,CS300024,운동/경기용품,24305735.0,280.0,8429735.0,15876000.0,0.0,0.0,0.0,0.0,8429735.0,15876000.0,0.0,0.0,8429735.0,0.0,15876000.0,0.0,0.0,24305735.0,0.0,0.0,0.0,8429735.0,15876000.0,0.0,0.0,140.0,140.0,0.0,0.0,0.0,0.0,140.0,140.0,0.0,0.0,140.0,0.0,140.0,0.0,0.0,280.0,0.0,0.0,0.0,140.0,140.0,0.0,0.0
20253,A,골목상권,3110128,성원중학교,CS300007,육류판매,1297209599.0,12651.0,1173873479.0,123336120.0,621090307.0,171943683.0,113145569.0,96918740.0,170775180.0,80061814.0,43274306.0,0.0,130779035.0,620595453.0,450999990.0,91270852.0,3564269.0,254328135.0,384134621.0,0.0,3411242.0,26295470.0,20691086.0,201184191.0,386880766.0,10376.0,2275.0,2578.0,1886.0,2017.0,1474.0,2421.0,1681.0,594.0,0.0,2283.0,2305.0,5552.0,2459.0,52.0,4755.0,6386.0,0.0,183.0,683.0,380.0,3615.0,6280.0
20253,D,발달상권,3120051,뚝섬역,CS300019,의료기기,19804707.0,495.0,19804707.0,0.0,0.0,0.0,0.0,0.0,19804707.0,0.0,0.0,0.0,0.0,0.0,19804707.0,0.0,0.0,19804707.0,0.0,0.0,0.0,0.0,0.0,0.0,19804707.0,495.0,0.0,0.0,0.0,0.0,0.0,495.0,0.0,0.0,0.0,0.0,0.0,495.0,0.0,0.0,495.0,0.0,0.0,0.0,0.0,0.0,0.0,495.0
20253,A,골목상권,3110118,왕십리역 9번,CS300018,의약품,1337602777.0,79991.0,1150369589.0,187233188.0,277404418.0,256332934.0,202529845.0,213122619.0,200979773.0,175551310.0,11681878.0,2107038.0,402731724.0,376253278.0,412165590.0,144345147.0,0.0,711162745.0,626440032.0,3059199.0,64642878.0,129522391.0,156403335.0,311296118.0,672678856.0,69203.0,10788.0,16853.0,14675.0,11641.0,13083.0,12951.0,9871.0,917.0,172.0,22801.0,22621.0,24185.0,10212.0,0.0,40425.0,39566.0,492.0,7179.0,10503.0,12094.0,18758.0,30965.0
20254,D,발달상권,3120052,성수역,CS200019,PC방,180283621.0,33228.0,121002618.0,59281003.0,22805861.0,19696494.0,25684982.0,22346416.0,30468865.0,31666143.0,27614860.0,16941915.0,11735218.0,28216640.0,30378860.0,63608581.0,29402407.0,145549513.0,34734108.0,4068553.0,86132058.0,64593067.0,18272388.0,6440136.0,777419.0,22250.0,10978.0,4260.0,3841.0,4720.0,4134.0,5295.0,6132.0,4846.0,2731.0,2270.0,5379.0,6416.0,11712.0,4720.0,25103.0,8125.0,1006.0,18057.0,10347.0,2475.0,1165.0,178.0
20254,A,골목상권,3110120,서울숲카페거리,CS300015,가방,1044832947.0,8430.0,510593078.0,534239869.0,51884011.0,87820369.0,144027343.0,103425654.0,123435701.0,277591049.0,256648820.0,0.0,463024.0,239616351.0,433720449.0,371033123.0,0.0,223865073.0,820967874.0,4316592.0,249517758.0,304900597.0,217621520.0,173924092.0,94552388.0,2702.0,5728.0,270.0,420.0,533.0,762.0,717.0,3396.0,2332.0,0.0,23.0,2007.0,3444.0,2956.0,0.0,1885.0,6545.0,45.0,2357.0,2286.0,1615.0,1473.0,654.0
20254,A,골목상권,3110122,마장역 2번,CS200017,골프연습장,101078837.0,2865.0,65849494.0,35229343.0,11900030.0,10397167.0,12348508.0,12559692.0,18644097.0,18161831.0,17067512.0,12125805.0,6819326.0,10566882.0,21660573.0,36381255.0,13524996.0,68667075.0,20193805.0,0.0,4676767.0,10282745.0,20213003.0,44626648.0,9061717.0,1905.0,960.0,361.0,338.0,345.0,377.0,484.0,507.0,453.0,339.0,300.0,407.0,538.0,943.0,338.0,1981.0,591.0,0.0,115.0,284.0,621.0,1275.0,276.0
20254,A,골목상권,3110110,상왕십리역 6번,CS200029,네일숍,47754452.0,1194.0,29144826.0,18609626.0,7584097.0,888530.0,4278869.0,427887.0,15965443.0,18609626.0,0.0,0.0,0.0,12767003.0,15890194.0,18218152.0,879103.0,8341431.0,39413021.0,0.0,24812429.0,11402701.0,1126018.0,6877606.0,3535698.0,760.0,434.0,256.0,8.0,25.0,4.0,467.0,434.0,0.0,0.0,0.0,326.0,393.0,409.0,66.0,140.0,1054.0,0.0,686.0,331.0,4.0,148.0,25.0
20254,A,골목상권,3110122,마장역 2번,CS200037,노래방,129699491.0,1259.0,97449644.0,32249847.0,3649226.0,20574174.0,27450276.0,18607903.0,27168065.0,26411669.0,5838178.0,22346562.0,0.0,0.0,388750.0,26494100.0,80470079.0,101852293.0,16446378.0,0.0,0.0,8345175.0,22888357.0,69323157.0,17741984.0,833.0,426.0,57.0,135.0,254.0,192.0,195.0,272.0,154.0,240.0,0.0,0.0,15.0,343.0,661.0,910.0,245.0,0.0,0.0,141.0,224.0,640.0,150.0
20254,A,골목상권,3110122,마장역 2번,CS200016,당구장,47665124.0,2602.0,35036266.0,12628858.0,5108629.0,6359196.0,6169980.0,8265830.0,9132631.0,5410621.0,7218237.0,482442.0,0.0,2034203.0,5982387.0,18428296.0,20737796.0,40155689.0,644732.0,0.0,200708.0,751961.0,4842373.0,21305931.0,13699447.0,1879.0,723.0,261.0,371.0,392.0,441.0,414.0,379.0,344.0,34.0,0.0,76.0,358.0,1116.0,1018.0,2382.0,55.0,0.0,14.0,69.0,302.0,1158.0,894.0
20254,A,골목상권,3110128,성원중학교,CS300021,문구,272002553.0,4427.0,266723793.0,5278760.0,91367416.0,22976517.0,53879828.0,41319134.0,57180898.0,3001756.0,2277004.0,1532812.0,37366946.0,7265257.0,192870847.0,31078443.0,1888248.0,15193862.0,7578909.0,97189.0,1346540.0,7618776.0,11886582.0,773487.0,1050199.0,3704.0,723.0,476.0,873.0,1036.0,869.0,450.0,417.0,306.0,222.0,363.0,295.0,1755.0,1209.0,583.0,2000.0,1965.0,56.0,758.0,871.0,1952.0,242.0,88.0
20254,R,전통시장,3130067,왕십리도선동상점가,CS300006,미곡판매,1298480928.0,21522.0,1027157515.0,271323413.0,193997845.0,137427729.0,437474769.0,118667128.0,139590044.0,161078084.0,110245329.0,0.0,35309363.0,426562958.0,651858708.0,183554723.0,1195176.0,185293673.0,980044711.0,0.0,7086336.0,19390394.0,52262653.0,544472979.0,542126022.0,14768.0,6754.0,2474.0,2951.0,4255.0,2254.0,2834.0,4738.0,2016.0,0.0,1777.0,6625.0,5787.0,7214.0,119.0,7213.0,14070.0,0.0,471.0,469.0,1892.0,7799.0,10652.0
20254,A,골목상권,3110102,옥수역 6번,CS200028,미용실,396170179.0,4756.0,269710201.0,126459978.0,28611908.0,40921398.0,58447241.0,68045782.0,73683872.0,73546334.0,52913644.0,0.0,11179352.0,113059370.0,164721509.0,106896271.0,313677.0,162379214.0,225849343.0,1691998.0,11020571.0,96810340.0,103598218.0,112762037.0,62345394.0,3327.0,1429.0,531.0,574.0,671.0,638.0,913.0,971.0,458.0,0.0,267.0,1265.0,1708.0,1510.0,6.0,2361.0,2367.0,58.0,260.0,1072.0,1219.0,1319.0,800.0
20254,A,골목상권,3110105,금동어린이공원,CS300010,반찬가게,10476252.0,402.0,10476252.0,0.0,1211377.0,1412475.0,4543857.0,1498660.0,1809883.0,0.0,0.0,0.0,1010278.0,1364594.0,5376980.0,2724400.0,0.0,2973379.0,4926902.0,0.0,191522.0,287283.0,1838611.0,2149834.0,3433032.0,402.0,0.0,86.0,77.0,110.0,67.0,62.0,0.0,0.0,0.0,48.0,76.0,153.0,125.0,0.0,148.0,235.0,0.0,10.0,24.0,106.0,106.0,138.0
20254,A,골목상권,3110102,옥수역 6번,CS100008,분식전문점,369618327.0,31238.0,260432793.0,109185534.0,31816255.0,61473691.0,57475326.0,51501140.0,58166381.0,57181312.0,52004222.0,0.0,34337882.0,145235206.0,64678305.0,112811287.0,12555647.0,158662153.0,175238740.0,1281626.0,18656448.0,65055050.0,95037128.0,92591358.0,61279288.0,21789.0,9449.0,2228.0,4485.0,5203.0,4606.0,5267.0,4938.0,4511.0,0.0,2956.0,11557.0,6153.0,9652.0,920.0,13436.0,16552.0,224.0,1800.0,6295.0,8510.0,7454.0,5708.0
20254,D,발달상권,3120052,성수역,CS300020,서적,363971221.0,248.0,159167843.0,204803378.0,0.0,0.0,0.0,50087783.0,109080060.0,168443358.0,36360020.0,0.0,0.0,204803378.0,90900050.0,68267793.0,0.0,259343408.0,104627813.0,0.0,0.0,291251181.0,36360020.0,0.0,36360020.0,124.0,124.0,0.0,0.0,0.0,31.0,93.0,93.0,31.0,0.0,0.0,124.0,62.0,62.0,0.0,155.0,93.0,0.0,0.0,186.0,31.0,0.0,31.0
20254,R,전통시장,3130064,금남시장,CS300027,섬유제품,9793876.0,221.0,8141896.0,1651980.0,103248.0,4056198.0,1474981.0,1814228.0,693241.0,1651980.0,0.0,0.0,0.0,5427932.0,2713965.0,1651979.0,0.0,2684466.0,7109410.0,0.0,0.0,0.0,1474982.0,1696228.0,6622666.0,177.0,44.0,15.0,30.0,15.0,87.0,30.0,44.0,0.0,0.0,0.0,88.0,89.0,44.0,0.0,103.0,118.0,0.0,0.0,0.0,15.0,30.0,176.0
20254,A,골목상권,3110113,응봉산,CS200031,세탁소,24038153.0,1692.0,20081017.0,3957136.0,5873486.0,2672934.0,5840303.0,2518630.0,3175664.0,3957136.0,0.0,0.0,5418871.0,5720842.0,6416037.0,6482403.0,0.0,11395227.0,12642926.0,0.0,270446.0,4033459.0,2684548.0,8128307.0,8921393.0,1509.0,183.0,414.0,265.0,398.0,183.0,249.0,183.0,0.0,0.0,315.0,364.0,532.0,481.0,0.0,813.0,879.0,0.0,33.0,282.0,133.0,548.0,696.0
20254,R,전통시장,3130066,행당시장상점가,CS300008,수산물판매,15000000.0,559.0,11565744.0,3434256.0,1422340.0,1429433.0,2772680.0,3882079.0,2059212.0,2765188.0,669068.0,0.0,823211.0,5183790.0,4620806.0,4372193.0,0.0,5854745.0,7607947.0,0.0,991041.0,264884.0,956200.0,2969636.0,8280932.0,437.0,122.0,63.0,69.0,126.0,100.0,79.0,101.0,21.0,0.0,37.0,183.0,203.0,136.0,0.0,217.0,330.0,0.0,24.0,21.0,33.0,117.0,352.0
20254,A,골목상권,3110104,신금호역 4번,CS300001,슈퍼마켓,24625086.0,8355.0,24625086.0,0.0,4856751.0,5795836.0,4133333.0,4919583.0,4919583.0,0.0,0.0,0.0,6921719.0,15176498.0,2526869.0,0.0,0.0,13882496.0,10742590.0,10177101.0,33963.0,1112297.0,9161599.0,4140126.0,0.0,8355.0,0.0,1630.0,2020.0,1274.0,1512.0,1919.0,0.0,0.0,0.0,2445.0,5264.0,646.0,0.0,0.0,5077.0,3278.0,4262.0,17.0,187.0,2666.0,1223.0,0.0
20254,A,골목상권,3110102,옥수역 6번,CS200005,스포츠 강습,175655066.0,378.0,149130730.0,26524336.0,30474961.0,47486443.0,21291120.0,30509292.0,19368914.0,26524336.0,0.0,0.0,31171067.0,31776770.0,16873472.0,83681146.0,12152611.0,49403588.0,113701688.0,0.0,6237830.0,69374533.0,59291309.0,21502718.0,6698886.0,324.0,54.0,63.0,93.0,24.0,81.0,63.0,54.0,0.0,0.0,63.0,72.0,60.0,159.0,24.0,108.0,234.0,0.0,9.0,120.0,147.0,48.0,18.0
20254,D,발달상권,3120049,왕십리역(왕십리),CS200024,스포츠클럽,185816372.0,333.0,135290318.0,50526054.0,32315560.0,20309647.0,0.0,82599752.0,65359.0,50526054.0,0.0,0.0,0.0,97053643.0,0.0,53867037.0,34895692.0,37217520.0,148598852.0,0.0,14100497.0,85421747.0,4705882.0,35060657.0,46527589.0,271.0,62.0,72.0,84.0,41.0,67.0,7.0,62.0,0.0,0.0,0.0,102.0,0.0,210.0,21.0,121.0,212.0,0.0,76.0,124.0,27.0,65.0,41.0
20254,A,골목상권,3110128,성원중학교,CS300017,시계및귀금속,27182334.0,125.0,17534774.0,9647560.0,272582.0,473239.0,4663507.0,7308920.0,4816526.0,9647560.0,0.0,0.0,0.0,5356854.0,10221128.0,6940845.0,4663507.0,14994634.0,11977371.0,0.0,0.0,220000.0,0.0,9480033.0,17271972.0,92.0,33.0,33.0,10.0,6.0,32.0,11.0,33.0,0.0,0.0,0.0,54.0,54.0,11.0,6.0,71.0,44.0,0.0,0.0,22.0,0.0,17.0,75.0
20254,A,골목상권,3110110,상왕십리역 6번,CS300014,신발,32181428.0,177.0,18408316.0,13773112.0,3581899.0,3426291.0,4547753.0,1624647.0,5227726.0,9704680.0,4068432.0,0.0,0.0,11897775.0,14376037.0,5907616.0,0.0,7366799.0,24217576.0,0.0,0.0,1048565.0,1574526.0,6297263.0,22664021.0,115.0,62.0,21.0,21.0,31.0,16.0,26.0,42.0,20.0,0.0,0.0,63.0,84.0,30.0,0.0,38.0,134.0,0.0,0.0,4.0,12.0,38.0,118.0
20254,A,골목상권,3110128,성원중학교,CS300016,안경,77159596.0,792.0,59168729.0,17990867.0,11007984.0,12902148.0,3850344.0,20960586.0,10447667.0,10760393.0,7230474.0,0.0,12602346.0,28523580.0,14714285.0,21319385.0,0.0,43812188.0,33347408.0,0.0,1432955.0,17276334.0,12174286.0,13500419.0,32775602.0,581.0,211.0,120.0,102.0,76.0,189.0,94.0,95.0,116.0,0.0,83.0,229.0,199.0,281.0,0.0,437.0,355.0,0.0,17.0,209.0,154.0,189.0,223.0
20254,A,골목상권,3110118,왕십리역 9번,CS300029,애완동물,7367812.0,332.0,4288622.0,3079190.0,1275962.0,425983.0,784940.0,1126520.0,675217.0,1045098.0,2034092.0,0.0,1950187.0,910549.0,3042451.0,1273479.0,191146.0,1387174.0,5868929.0,0.0,755151.0,1748118.0,1460157.0,3059330.0,233347.0,212.0,120.0,39.0,30.0,59.0,49.0,35.0,60.0,60.0,0.0,79.0,65.0,113.0,70.0,5.0,85.0,243.0,0.0,55.0,118.0,50.0,80.0,25.0
20254,A,골목상권,3110128,성원중학교,CS100004,양식음식점,104884591.0,299.0,69735296.0,35149295.0,2994039.0,13246041.0,33693262.0,13782903.0,6019051.0,34111396.0,1037899.0,0.0,0.0,0.0,0.0,35727453.0,69157138.0,45891391.0,26234285.0,0.0,13132474.0,31819717.0,17437696.0,6220374.0,3515415.0,159.0,140.0,10.0,25.0,68.0,41.0,15.0,109.0,31.0,0.0,0.0,0.0,0.0,145.0,154.0,134.0,109.0,0.0,47.0,134.0,36.0,15.0,10.0
20254,A,골목상권,3110105,금동어린이공원,CS200034,여관,5375857.0,139.0,4819734.0,556123.0,1081350.0,834185.0,432540.0,834186.0,1637473.0,0.0,556123.0,2054565.0,587019.0,278062.0,0.0,1374860.0,1081351.0,4433538.0,942319.0,0.0,1498442.0,1374860.0,1390309.0,278062.0,834184.0,124.0,15.0,30.0,16.0,15.0,24.0,39.0,0.0,15.0,55.0,15.0,8.0,0.0,30.0,31.0,116.0,23.0,0.0,39.0,38.0,39.0,8.0,15.0
20254,A,골목상권,3110102,옥수역 6번,CS200003,예술학원,78283107.0,431.0,68268900.0,10014207.0,19597696.0,23043446.0,11629403.0,8183653.0,5814702.0,10014207.0,0.0,1507515.0,6460779.0,10983325.0,11952441.0,39626112.0,7752935.0,37526359.0,40756748.0,0.0,0.0,3338069.0,59977567.0,11629402.0,3338069.0,377.0,54.0,128.0,109.0,64.0,43.0,33.0,54.0,0.0,11.0,44.0,54.0,54.0,235.0,33.0,205.0,226.0,0.0,0.0,22.0,332.0,55.0,22.0
20254,R,전통시장,3130070,뚝섬역상점가,CS200002,외국어학원,174686583.0,412.0,174686583.0,0.0,43318969.0,29418363.0,27009841.0,47310234.0,27629176.0,0.0,0.0,0.0,0.0,3268707.0,63894620.0,107523256.0,0.0,60350654.0,114335929.0,0.0,25805581.0,11354456.0,103084696.0,34441850.0,0.0,412.0,0.0,121.0,69.0,51.0,86.0,85.0,0.0,0.0,0.0,0.0,17.0,120.0,275.0,0.0,171.0,241.0,0.0,51.0,34.0,259.0,68.0,0.0
20254,A,골목상권,3110136,경수초등학교,CS300024,운동/경기용품,33743949.0,19.0,33743949.0,0.0,0.0,33743949.0,0.0,0.0,0.0,0.0,0.0,0.0,0.0,33743949.0,0.0,0.0,0.0,33743949.0,0.0,0.0,0.0,0.0,0.0,33743949.0,0.0,19.0,0.0,0.0,19.0,0.0,0.0,0.0,0.0,0.0,0.0,0.0,19.0,0.0,0.0,0.0,19.0,0.0,0.0,0.0,0.0,0.0,19.0,0.0
20254,A,골목상권,3110114,왕십리파출소,CS300007,육류판매,5970759054.0,1852.0,5970759054.0,0.0,0.0,4580009082.0,251990918.0,0.0,1138759054.0,0.0,0.0,0.0,1517105960.0,0.0,4154653094.0,0.0,299000000.0,1816105960.0,4154653094.0,0.0,0.0,550990918.0,0.0,0.0,5419768136.0,1852.0,0.0,0.0,720.0,360.0,0.0,772.0,0.0,0.0,0.0,1193.0,0.0,360.0,0.0,299.0,1492.0,360.0,0.0,0.0,659.0,0.0,0.0,1193.0
20254,D,발달상권,3120051,뚝섬역,CS300019,의료기기,1430000000.0,1340.0,1430000000.0,0.0,0.0,804375000.0,0.0,580937500.0,44687500.0,0.0,0.0,0.0,0.0,0.0,625625000.0,804375000.0,0.0,44687500.0,1385312500.0,0.0,0.0,0.0,0.0,0.0,1430000000.0,1340.0,0.0,0.0,446.0,0.0,447.0,447.0,0.0,0.0,0.0,0.0,0.0,893.0,447.0,0.0,447.0,893.0,0.0,0.0,0.0,0.0,0.0,1340.0
20254,A,골목상권,3110118,왕십리역 9번,CS300018,의약품,1387991447.0,83766.0,1178189285.0,209802162.0,233972970.0,236502833.0,250486998.0,213997221.0,243229263.0,188009369.0,21792793.0,286672.0,375456877.0,418395288.0,445698911.0,148153699.0,0.0,775717528.0,612273919.0,7102488.0,64649964.0,121344183.0,157102776.0,337458475.0,700333561.0,72607.0,11159.0,16851.0,12909.0,14855.0,13212.0,14780.0,10098.0,1061.0,57.0,20017.0,24431.0,28894.0,10367.0,0.0,42631.0,41135.0,820.0,7534.0,11006.0,12102.0,19776.0,32528.0
20254,A,골목상권,3110117,성동구보건소,CS300035,인테리어,12723072.0,386.0,12723072.0,0.0,0.0,0.0,0.0,12723072.0,0.0,0.0,0.0,0.0,0.0,0.0,12723072.0,0.0,0.0,12723072.0,0.0,0.0,0.0,12723072.0,0.0,0.0,0.0,386.0,0.0,0.0,0.0,0.0,386.0,0.0,0.0,0.0,0.0,0.0,0.0,386.0,0.0,0.0,386.0,0.0,0.0,0.0,386.0,0.0,0.0,0.0
20254,A,골목상권,3110102,옥수역 6번,CS200001,일반교습학원,330935043.0,1416.0,309699496.0,21235547.0,92026487.0,50380070.0,54746724.0,24821056.0,87725159.0,18357743.0,2877804.0,4676430.0,29452521.0,83537320.0,119468304.0,79771176.0,14029292.0,101826002.0,229109041.0,0.0,0.0,32240393.0,223887162.0,56461490.0,18345998.0,1334.0,82.0,377.0,252.0,226.0,90.0,389.0,64.0,18.0,36.0,144.0,307.0,515.0,360.0,54.0,496.0,920.0,0.0,0.0,180.0,991.0,173.0,72.0
20261,D,발달상권,3120052,성수역,CS200019,PC방,150896458.0,25669.0,96429038.0,54467420.0,17162564.0,17481762.0,18790099.0,20173294.0,22821319.0,27602690.0,26864730.0,14979702.0,5886338.0,22032246.0,27750520.0,54080802.0,26166850.0,128686061.0,22210397.0,1700268.0,65785626.0,49965987.0,22330494.0,9452591.0,1661492.0,16877.0,8792.0,3208.0,3079.0,3177.0,3548.0,3865.0,4884.0,3908.0,2098.0,1224.0,3754.0,5218.0,9098.0,4277.0,21071.0,4598.0,336.0,11991.0,8565.0,2998.0,1555.0,224.0
20261,A,골목상권,3110120,서울숲카페거리,CS300015,가방,822013958.0,5344.0,505838104.0,316175854.0,49108294.0,180271827.0,61973124.0,67558766.0,146926093.0,193453992.0,122721862.0,0.0,0.0,236505528.0,308244400.0,277264030.0,0.0,142276822.0,679737136.0,0.0,123581995.0,283106407.0,100576736.0,101926230.0,212822590.0,3258.0,2086.0,391.0,912.0,522.0,586.0,847.0,1435.0,651.0,0.0,0.0,1434.0,2086.0,1824.0,0.0,782.0,4562.0,0.0,1042.0,1955.0,586.0,782.0,979.0
20261,A,골목상권,3110117,성동구보건소,CS300032,가전제품,13394595.0,255.0,3189189.0,10205406.0,0.0,0.0,0.0,3189189.0,0.0,10205406.0,0.0,0.0,10205406.0,3189189.0,0.0,0.0,0.0,10205405.0,0.0,0.0,0.0,0.0,0.0,0.0,10205405.0,127.0,128.0,0.0,0.0,0.0,127.0,0.0,128.0,0.0,0.0,127.0,128.0,0.0,0.0,0.0,128.0,0.0,0.0,0.0,0.0,0.0,0.0,128.0
20261,A,골목상권,3110128,성원중학교,CS200032,가전제품수리,13049440.0,164.0,9183806.0,3865634.0,2987080.0,901981.0,2987079.0,784841.0,1522825.0,3865634.0,0.0,0.0,7461844.0,4761757.0,825839.0,0.0,0.0,8772168.0,3574429.0,0.0,0.0,819983.0,3259879.0,2303111.0,5963624.0,140.0,24.0,39.0,17.0,24.0,30.0,30.0,24.0,0.0,0.0,64.0,65.0,35.0,0.0,0.0,92.0,66.0,0.0,0.0,12.0,25.0,24.0,97.0
20261,A,골목상권,3110122,마장역 2번,CS200017,골프연습장,99360183.0,2879.0,61197302.0,38162881.0,9760543.0,8094109.0,10797266.0,14360516.0,18184868.0,20507892.0,17654989.0,16111424.0,5237365.0,11265710.0,18323097.0,35828337.0,12594250.0,76897877.0,14137813.0,0.0,4315834.0,6412316.0,14114775.0,49728088.0,16464678.0,1835.0,1044.0,276.0,276.0,285.0,430.0,568.0,560.0,484.0,361.0,254.0,391.0,545.0,952.0,376.0,2234.0,407.0,0.0,114.0,223.0,437.0,1290.0,575.0
20261,A,골목상권,3110110,상왕십리역 6번,CS200029,네일숍,72927437.0,1536.0,62506047.0,10421390.0,10136855.0,15032081.0,1531384.0,20303640.0,15502087.0,10421390.0,0.0,0.0,0.0,18052099.0,37536831.0,14609095.0,2729412.0,3747548.0,56773472.0,0.0,43588194.0,4060134.0,3197892.0,7742143.0,1932657.0,1164.0,372.0,190.0,260.0,16.0,318.0,380.0,372.0,0.0,0.0,0.0,384.0,702.0,388.0,62.0,128.0,1346.0,0.0,1120.0,128.0,16.0,202.0,8.0
20261,A,골목상권,3110122,마장역 2번,CS200037,노래방,141739330.0,1165.0,110415153.0,31324177.0,27972471.0,14902746.0,11984265.0,23933501.0,31622170.0,20906136.0,10418041.0,39394180.0,0.0,0.0,0.0,24082754.0,78262396.0,109196409.0,14723054.0,0.0,1509264.0,5828525.0,26052507.0,69694795.0,20834373.0,833.0,332.0,145.0,206.0,137.0,111.0,234.0,210.0,122.0,274.0,0.0,0.0,0.0,275.0,616.0,941.0,193.0,0.0,15.0,124.0,257.0,585.0,153.0
20261,A,골목상권,3110122,마장역 2번,CS200016,당구장,35440640.0,1983.0,20821034.0,14619606.0,2729002.0,2424896.0,2287388.0,7332292.0,6047456.0,7840867.0,6778739.0,2240482.0,0.0,1715579.0,9486627.0,16814267.0,5183685.0,32447629.0,576635.0,0.0,604737.0,312849.0,2629764.0,19786432.0,9690483.0,1233.0,750.0,174.0,165.0,157.0,420.0,317.0,483.0,267.0,34.0,0.0,116.0,510.0,985.0,338.0,1846.0,27.0,0.0,41.0,29.0,137.0,1154.0,510.0
20261,A,골목상권,3110128,성원중학교,CS300021,문구,233369000.0,3445.0,231375233.0,1993767.0,26030437.0,29171656.0,94613855.0,42879678.0,38679607.0,813613.0,1180154.0,613680.0,29366779.0,28274075.0,165692189.0,7989430.0,1432847.0,5557389.0,8087297.0,0.0,1128762.0,1348426.0,5486618.0,3175328.0,2505553.0,2835.0,610.0,552.0,476.0,621.0,592.0,594.0,277.0,333.0,111.0,368.0,727.0,920.0,820.0,499.0,1624.0,1145.0,0.0,561.0,432.0,1343.0,280.0,154.0
20261,R,전통시장,3130067,왕십리도선동상점가,CS300006,미곡판매,914398284.0,26027.0,778846514.0,135551770.0,337023648.0,92302024.0,161132999.0,58601583.0,129786260.0,125774766.0,9777004.0,0.0,59450714.0,135491333.0,504555960.0,214900277.0,0.0,164068941.0,506744992.0,0.0,0.0,37760734.0,14794075.0,262015675.0,356243448.0,20086.0,5941.0,4280.0,3228.0,4252.0,2725.0,5601.0,5334.0,607.0,0.0,2325.0,4755.0,8059.0,10888.0,0.0,7027.0,18867.0,0.0,0.0,1493.0,874.0,10446.0,13081.0
20261,A,골목상권,3110102,옥수역 6번,CS200028,미용실,376407420.0,4524.0,241312805.0,135094615.0,40835789.0,36367928.0,43447238.0,44584837.0,76077013.0,72053520.0,63041095.0,0.0,11124667.0,120439710.0,131322920.0,113520123.0,0.0,132660864.0,226292255.0,1649438.0,8715450.0,62325620.0,121008160.0,102441665.0,62812789.0,3029.0,1495.0,558.0,519.0,512.0,582.0,858.0,941.0,554.0,0.0,247.0,1469.0,1475.0,1333.0,0.0,2129.0,2357.0,29.0,250.0,838.0,1349.0,1230.0,793.0
20261,A,골목상권,3110105,금동어린이공원,CS300010,반찬가게,6827757.0,316.0,6827757.0,0.0,1618360.0,2293475.0,761300.0,1211376.0,943246.0,0.0,0.0,0.0,191522.0,1575268.0,2733976.0,2326991.0,0.0,2288687.0,4539070.0,0.0,272919.0,464441.0,1364594.0,3117018.0,1608785.0,316.0,0.0,63.0,96.0,38.0,77.0,42.0,0.0,0.0,0.0,10.0,62.0,139.0,105.0,0.0,105.0,211.0,0.0,10.0,43.0,62.0,114.0,87.0
20261,A,골목상권,3110102,옥수역 6번,CS100008,분식전문점,288518716.0,24200.0,201774642.0,86744074.0,29705537.0,42270805.0,43482663.0,38865300.0,47450337.0,45005841.0,41738233.0,0.0,20586018.0,127460526.0,52246267.0,79891158.0,8334747.0,137405579.0,124441999.0,564517.0,12807212.0,55447135.0,80152084.0,64252834.0,48623800.0,17189.0,7011.0,2499.0,3695.0,3318.0,3564.0,4113.0,3835.0,3176.0,0.0,1558.0,9447.0,4862.0,7467.0,866.0,10881.0,11860.0,38.0,1363.0,5057.0,6896.0,5028.0,4357.0
20261,D,발달상권,3120052,성수역,CS300020,서적,472865770.0,742.0,356365298.0,116500472.0,136782932.0,54107173.0,18180010.0,72720040.0,74575143.0,18180010.0,98320462.0,0.0,112790266.0,214635424.0,90900050.0,54540030.0,0.0,190890105.0,281975665.0,0.0,18180010.0,263795655.0,56395133.0,0.0,134494972.0,340.0,402.0,93.0,31.0,31.0,92.0,93.0,155.0,247.0,0.0,155.0,278.0,217.0,92.0,0.0,124.0,618.0,0.0,31.0,432.0,217.0,0.0,62.0
20261,R,전통시장,3130064,금남시장,CS300027,섬유제품,6902913.0,205.0,5014937.0,1887976.0,0.0,811240.0,884989.0,73749.0,3244959.0,1887976.0,0.0,0.0,0.0,2197723.0,4483943.0,221247.0,0.0,1548730.0,5354183.0,0.0,0.0,0.0,0.0,1533981.0,5368932.0,161.0,44.0,29.0,15.0,29.0,15.0,73.0,44.0,0.0,0.0,0.0,44.0,132.0,29.0,0.0,88.0,117.0,0.0,0.0,0.0,0.0,44.0,161.0
20261,A,골목상권,3110113,응봉산,CS200031,세탁소,29973027.0,1642.0,25153118.0,4819909.0,3021360.0,4788383.0,3389698.0,7263876.0,6689801.0,4819909.0,0.0,0.0,9712821.0,4955961.0,5493535.0,9810710.0,0.0,11944819.0,18028208.0,0.0,366678.0,3023269.0,2171090.0,12057578.0,12354412.0,1294.0,348.0,216.0,266.0,215.0,315.0,282.0,348.0,0.0,0.0,349.0,414.0,332.0,547.0,0.0,536.0,1106.0,0.0,17.0,235.0,67.0,684.0,639.0
20261,R,전통시장,3130066,행당시장상점가,CS300008,수산물판매,13558254.0,722.0,10952685.0,2605569.0,1822251.0,2915601.0,1598466.0,1860614.0,2755753.0,1787155.0,818414.0,0.0,172634.0,5524368.0,4430946.0,3123401.0,306905.0,3865325.0,9692929.0,0.0,283866.0,141698.0,704020.0,2987943.0,9440727.0,594.0,128.0,77.0,148.0,96.0,115.0,158.0,96.0,32.0,0.0,19.0,275.0,301.0,121.0,6.0,176.0,546.0,0.0,18.0,12.0,33.0,176.0,483.0
20261,A,골목상권,3110104,신금호역 4번,CS300001,슈퍼마켓,18832646.0,5655.0,18832646.0,0.0,4372775.0,3639167.0,3036317.0,3294440.0,4489947.0,0.0,0.0,0.0,4753163.0,11678278.0,2401205.0,0.0,0.0,8050999.0,10781647.0,7054177.0,86606.0,1010408.0,5481676.0,3875211.0,1324568.0,5655.0,0.0,1138.0,1189.0,1019.0,1019.0,1290.0,0.0,0.0,0.0,1545.0,3567.0,543.0,0.0,0.0,2802.0,2853.0,2547.0,34.0,68.0,1155.0,1426.0,425.0
20261,A,골목상권,3110102,옥수역 6번,CS200005,스포츠 강습,167764808.0,368.0,161237688.0,6527120.0,22781639.0,46976349.0,14554935.0,61680360.0,15244405.0,6527120.0,0.0,0.0,25990955.0,77367544.0,23659124.0,40747185.0,0.0,33336513.0,124755138.0,0.0,3091794.0,68598422.0,73959535.0,6527120.0,5914781.0,350.0,18.0,36.0,93.0,49.0,139.0,33.0,18.0,0.0,0.0,36.0,114.0,91.0,127.0,0.0,88.0,262.0,0.0,9.0,105.0,185.0,36.0,15.0
20261,D,발달상권,3120049,왕십리역(왕십리),CS200024,스포츠클럽,102336576.0,82.0,102336576.0,0.0,71720363.0,0.0,30616213.0,0.0,0.0,0.0,0.0,0.0,0.0,0.0,0.0,102336576.0,0.0,42086983.0,60249593.0,0.0,37411157.0,62703197.0,2222222.0,0.0,0.0,82.0,0.0,47.0,0.0,35.0,0.0,0.0,0.0,0.0,0.0,0.0,0.0,0.0,82.0,0.0,41.0,41.0,0.0,26.0,42.0,14.0,0.0,0.0
20261,A,골목상권,3110128,성원중학교,CS300017,시계및귀금속,6506927.0,50.0,6506927.0,0.0,0.0,22207.0,3331077.0,2995897.0,157746.0,0.0,0.0,0.0,0.0,377746.0,0.0,6129181.0,0.0,220000.0,6286927.0,0.0,22207.0,0.0,0.0,6264720.0,220000.0,50.0,0.0,0.0,5.0,6.0,28.0,11.0,0.0,0.0,0.0,0.0,33.0,0.0,17.0,0.0,22.0,28.0,0.0,5.0,0.0,0.0,23.0,22.0
20261,A,골목상권,3110110,상왕십리역 6번,CS300014,신발,23159868.0,129.0,15744416.0,7415452.0,1706226.0,5844283.0,2547594.0,1384106.0,4262207.0,3915761.0,3499691.0,0.0,1296026.0,10941988.0,6241060.0,4680794.0,0.0,8675409.0,14484459.0,0.0,0.0,1784238.0,3305078.0,3818456.0,14252096.0,86.0,43.0,8.0,33.0,16.0,8.0,21.0,26.0,17.0,0.0,4.0,58.0,33.0,34.0,0.0,46.0,83.0,0.0,0.0,8.0,12.0,25.0,84.0
20261,A,골목상권,3110128,성원중학교,CS300016,안경,70558419.0,856.0,49155274.0,21403145.0,10562783.0,10122111.0,5877955.0,13840072.0,8752353.0,16753496.0,4649649.0,0.0,2819885.0,17058602.0,18893159.0,31052771.0,734002.0,31081260.0,39025466.0,0.0,4275942.0,12254833.0,17398597.0,15785609.0,20391745.0,582.0,274.0,161.0,118.0,58.0,112.0,133.0,186.0,88.0,0.0,71.0,161.0,217.0,395.0,12.0,449.0,396.0,0.0,95.0,163.0,174.0,192.0,221.0
20261,A,골목상권,3110118,왕십리역 9번,CS300029,애완동물,4468350.0,357.0,2932230.0,1536120.0,600745.0,380306.0,487547.0,1109143.0,354489.0,725363.0,810757.0,0.0,283492.0,854448.0,1091767.0,2238643.0,0.0,1890378.0,2577972.0,14894.0,307472.0,1493249.0,900495.0,880563.0,871677.0,234.0,123.0,55.0,50.0,35.0,59.0,35.0,49.0,74.0,0.0,25.0,50.0,85.0,197.0,0.0,127.0,230.0,5.0,60.0,114.0,71.0,41.0,66.0
20261,A,골목상권,3110128,성원중학교,CS100004,양식음식점,67293607.0,164.0,43583915.0,23709692.0,0.0,12755638.0,16895671.0,5260217.0,8672389.0,23709692.0,0.0,0.0,0.0,0.0,5513161.0,24938279.0,36842167.0,34947661.0,16152324.0,0.0,3871603.0,32980888.0,3897413.0,5389270.0,4960813.0,103.0,61.0,0.0,26.0,36.0,20.0,21.0,61.0,0.0,0.0,0.0,0.0,5.0,66.0,93.0,103.0,36.0,0.0,20.0,78.0,15.0,15.0,10.0
20261,A,골목상권,3110105,금동어린이공원,CS200034,여관,9608571.0,200.0,5924256.0,3684315.0,1992774.0,556123.0,1390309.0,1081350.0,903700.0,2510277.0,1174038.0,3406254.0,0.0,0.0,942319.0,3336739.0,1923259.0,7167808.0,2440763.0,0.0,2479382.0,1969602.0,386197.0,1266725.0,3506665.0,124.0,76.0,31.0,15.0,31.0,23.0,24.0,45.0,31.0,68.0,0.0,0.0,16.0,77.0,39.0,146.0,54.0,0.0,54.0,38.0,8.0,31.0,69.0
20261,A,골목상권,3110102,옥수역 6번,CS200003,예술학원,87785837.0,452.0,81378897.0,6406940.0,25681598.0,34699767.0,8614372.0,3661108.0,8722052.0,6406940.0,0.0,0.0,1938234.0,15613549.0,23366485.0,43421821.0,3445748.0,32438495.0,55347342.0,0.0,0.0,3768788.0,63988634.0,20028415.0,0.0,408.0,44.0,117.0,170.0,44.0,22.0,55.0,44.0,0.0,0.0,11.0,87.0,107.0,225.0,22.0,162.0,290.0,0.0,0.0,11.0,333.0,108.0,0.0
20261,R,전통시장,3130070,뚝섬역상점가,CS200002,외국어학원,271354291.0,774.0,263096505.0,8257786.0,40841633.0,83902547.0,68264365.0,19612242.0,50475718.0,8257786.0,0.0,0.0,0.0,14451126.0,55000296.0,201902869.0,0.0,127617202.0,132038559.0,0.0,0.0,20128353.0,135823376.0,103704031.0,0.0,740.0,34.0,156.0,240.0,155.0,34.0,155.0,34.0,0.0,0.0,0.0,52.0,154.0,568.0,0.0,309.0,448.0,0.0,0.0,51.0,413.0,293.0,0.0
20261,A,골목상권,3110137,성수초등학교,CS300024,운동/경기용품,370735.0,11.0,370735.0,0.0,370735.0,0.0,0.0,0.0,0.0,0.0,0.0,0.0,0.0,370735.0,0.0,0.0,0.0,370735.0,0.0,0.0,0.0,0.0,0.0,370735.0,0.0,11.0,0.0,11.0,0.0,0.0,0.0,0.0,0.0,0.0,0.0,0.0,11.0,0.0,0.0,0.0,11.0,0.0,0.0,0.0,0.0,0.0,11.0,0.0
20261,A,골목상권,3110114,왕십리파출소,CS300007,육류판매,5780529582.0,944.0,5780529582.0,0.0,0.0,0.0,0.0,5780529582.0,0.0,0.0,0.0,0.0,0.0,0.0,5780529582.0,0.0,0.0,0.0,5780529582.0,0.0,0.0,0.0,0.0,0.0,5780529582.0,944.0,0.0,0.0,0.0,0.0,944.0,0.0,0.0,0.0,0.0,0.0,0.0,944.0,0.0,0.0,0.0,944.0,0.0,0.0,0.0,0.0,0.0,944.0
20261,D,발달상권,3120051,뚝섬역,CS300019,의료기기,1883922713.0,1485.0,1883922713.0,0.0,0.0,386191778.0,0.0,705542672.0,792188263.0,0.0,0.0,0.0,0.0,792188263.0,386191778.0,705542672.0,0.0,1883922713.0,0.0,0.0,0.0,0.0,0.0,0.0,1883922713.0,1485.0,0.0,0.0,495.0,0.0,495.0,495.0,0.0,0.0,0.0,0.0,495.0,495.0,495.0,0.0,1485.0,0.0,0.0,0.0,0.0,0.0,0.0,1485.0
20261,A,골목상권,3110118,왕십리역 9번,CS300018,의약품,1314458559.0,81178.0,1112074765.0,202383794.0,236116136.0,237405006.0,174129137.0,210489130.0,253935356.0,189426228.0,12957566.0,1705698.0,362949241.0,376820249.0,445435115.0,127548256.0,0.0,699539220.0,614919339.0,1888775.0,40941443.0,104040414.0,148730072.0,303634337.0,715223518.0,69305.0,11873.0,15050.0,13418.0,11437.0,13936.0,15464.0,11213.0,660.0,86.0,21184.0,23841.0,27534.0,8533.0,0.0,41517.0,39661.0,345.0,5435.0,10435.0,11966.0,18946.0,34051.0
